time/fps,time/time_elapsed,time/total_timesteps,time/iterations,rollout/ep_len_mean,rollout/ep_rew_mean,train/value_loss,train/std,train/clip_range,train/learning_rate,train/n_updates,train/approx_kl,train/explained_variance,train/loss,train/entropy_loss,train/clip_fraction,train/policy_gradient_loss
110,18,2048,1,2000.0,-2749.757314,,,,,,,,,,,
39,105,4096,2,2000.0,-2428.2050465,164.2939998149872,0.9575055241584778,0.2,0.0003,10,0.011544399,-0.005124449729919434,15.884159088134766,-2.8000190295279026,0.054833984375,-0.010801411412103334
31,193,6144,3,2000.0,-2215.851827666667,51.545384389162066,0.9163089990615845,0.2,0.0003,20,0.01220068,-0.019602179527282715,6.536365509033203,-2.7050359986722468,0.056884765625,-0.012103379276231863
29,277,8192,4,2000.0,-2018.6431385,20.399788895249365,0.8751009106636047,0.2,0.0003,30,0.0096060345,-0.04589807987213135,6.492846965789795,-2.6066045612096786,0.06748046875,-0.012096201167150867
28,363,10240,5,2000.0,-1865.3079714,8.234419686347247,0.8310701847076416,0.2,0.0003,40,0.011268552,-0.0025014877319335938,3.0628437995910645,-2.493458406627178,0.08857421875,-0.017623167730198473
27,451,12288,6,2000.0,-1711.9777885,6.335909720510244,0.7921253442764282,0.2,0.0003,50,0.008827159,0.01813298463821411,3.6280782222747803,-2.383399972319603,0.059375,-0.01662256877461914
26,536,14336,7,2000.0,-1593.6210052857143,3.756645856425166,0.7661658525466919,0.2,0.0003,60,0.0101177525,-0.0635446310043335,1.5899529457092285,-2.291444142907858,0.079052734375,-0.017649323240038938
26,619,16384,8,2000.0,-1484.423607875,3.033937093243003,0.7334945201873779,0.2,0.0003,70,0.012349571,0.030271291732788086,1.2117793560028076,-2.194459629058838,0.06650390625,-0.018248957404284737
26,700,18432,9,2000.0,-1384.0847948888888,1.8472242765128613,0.7025833129882812,0.2,0.0003,80,0.010376418,0.03160858154296875,0.8200690150260925,-2.0938939973711967,0.06142578125,-0.01616090352908941
26,782,20480,10,2000.0,-1297.510771,1.763413724116981,0.6841939091682434,0.2,0.0003,90,0.007986201,0.10222190618515015,0.6037659645080566,-2.0071732442826034,0.04140625,-0.014385049512929982
26,864,22528,11,2000.0,-1218.1217419090908,1.323008167743683,0.6517183780670166,0.2,0.0003,100,0.012301106,0.17126315832138062,0.3735526204109192,-1.9107084274291992,0.074462890625,-0.017121158486406784
25,948,24576,12,2000.0,-1148.54018625,1.3751905317418278,0.6224220991134644,0.2,0.0003,110,0.00810595,-0.29620885848999023,0.3599839210510254,-1.797110678628087,0.04677734375,-0.014550500960467616
25,1029,26624,13,2000.0,-1085.673540076923,1.2381333220750093,0.597626805305481,0.2,0.0003,120,0.013309246,0.006547510623931885,0.22140932083129883,-1.6962025467306376,0.058447265625,-0.01569348273042124
25,1111,28672,14,2000.0,-1027.6551632142857,0.8541874326299876,0.5754188299179077,0.2,0.0003,130,0.0098180175,0.00857079029083252,0.17234590649604797,-1.5936645522713662,0.055810546875,-0.013459418795537203
25,1195,30720,15,2000.0,-975.3674953999999,0.7169304311973974,0.5543443560600281,0.2,0.0003,140,0.012913216,0.01602041721343994,0.07721413671970367,-1.493982521444559,0.086669921875,-0.01629143530444708
25,1277,32768,16,2000.0,-928.2999427500001,0.5904667223803699,0.5334450006484985,0.2,0.0003,150,0.011232035,0.0218508243560791,0.09965437650680542,-1.395672122016549,0.069873046875,-0.014939582404622342
25,1361,34816,17,2000.0,-884.3507325882355,0.46272309133782985,0.5156900882720947,0.2,0.0003,160,0.010959733,0.019283652305603027,0.08736854791641235,-1.3008715379983187,0.063232421875,-0.014587704912992194
25,1442,36864,18,2000.0,-844.2092357777778,0.3452583634294569,0.4975495934486389,0.2,0.0003,170,0.0090403855,0.13916617631912231,0.023002035915851593,-1.204662461206317,0.082861328125,-0.014414375311753247
25,1526,38912,19,2000.0,-807.124432263158,0.25667403793195265,0.4838346838951111,0.2,0.0003,180,0.011946902,0.17687350511550903,0.018953124061226845,-1.1117240961641073,0.082080078125,-0.01474509600084275
25,1609,40960,20,2000.0,-773.0003838000001,0.2204625379294157,0.47581058740615845,0.2,0.0003,190,0.012558855,0.2136722207069397,0.013001050800085068,-1.038133877515793,0.07919921875,-0.01194546478363918
25,1691,43008,21,2000.0,-741.5036964285716,0.13979267794638872,0.45172393321990967,0.2,0.0003,200,0.012963275,0.19506901502609253,0.001783238723874092,-0.9402693808078766,0.070947265625,-0.013228949329641183
25,1775,45056,22,2000.0,-712.1042825909093,0.11580545690958388,0.43324825167655945,0.2,0.0003,210,0.009977967,-0.022910475730895996,0.004374761134386063,-0.8263759691268205,0.066162109375,-0.012729652636335232
25,1858,47104,23,2000.0,-684.9898236086958,0.10395248682470992,0.4121027886867523,0.2,0.0003,220,0.01177034,0.09294366836547852,-0.011942028999328613,-0.7154307790100575,0.067529296875,-0.01371408093982609
25,1941,49152,24,2000.0,-659.5598611666667,0.07330623758898583,0.39596500992774963,0.2,0.0003,230,0.013135972,0.11905086040496826,-0.03258166089653969,-0.6044442608952523,0.088037109375,-0.01612195436755428
25,2022,51200,25,2000.0,-635.83006992,0.054076179972616954,0.38047295808792114,0.2,0.0003,240,0.0110055795,-0.030372142791748047,-0.025108423084020615,-0.5003840364515781,0.072802734375,-0.014138883887790143
25,2107,53248,26,2000.0,-613.6347175384616,0.04451026291644666,0.36329489946365356,0.2,0.0003,250,0.010936672,0.024004817008972168,0.004872123245149851,-0.3961055510677397,0.0806640625,-0.015457559100468643
25,2191,55296,27,2000.0,-592.7891241851852,0.03429740766587201,0.3506363034248352,0.2,0.0003,260,0.011975975,-0.04639792442321777,0.015627823770046234,-0.2944536780938506,0.08232421875,-0.013575362248229795
25,2274,57344,28,2000.0,-573.3061823571428,0.023916377240675503,0.340745210647583,0.2,0.0003,270,0.011136174,0.0295906662940979,-0.016251346096396446,-0.19962559044361114,0.08515625,-0.01272872789268149
25,2359,59392,29,2000.0,-554.9315424482759,0.01905724199677934,0.32539552450180054,0.2,0.0003,280,0.011893011,0.08787626028060913,-0.017323056235909462,-0.10521210096776486,0.07724609375,-0.012357030225393828
25,2440,61440,30,2000.0,-537.6501963666666,0.015441382169228746,0.31562668085098267,0.2,0.0003,290,0.009846123,-0.08144283294677734,-0.02549951709806919,-0.004260833747684956,0.07548828125,-0.012360669793270062
25,2521,63488,31,2000.0,-521.3581292258065,0.012629469462990529,0.30250734090805054,0.2,0.0003,300,0.010445508,0.10071730613708496,-0.011907672509551048,0.09115265738219022,0.096240234375,-0.013179223346378421
25,2605,65536,32,2000.0,-505.97972909374994,0.00845471987813653,0.2874704897403717,0.2,0.0003,310,0.013412499,0.15939027070999146,-0.013062359765172005,0.206041057780385,0.097119140625,-0.016926602109742818
25,2688,67584,33,2000.0,-491.43540709090905,0.005909857206097513,0.27427375316619873,0.2,0.0003,320,0.012484909,0.20731282234191895,-0.019754543900489807,0.3230712209828198,0.06767578125,-0.012567865129676647
25,2770,69632,34,2000.0,-477.6550510588235,0.005494037194876,0.26265057921409607,0.2,0.0003,330,0.008645246,0.17665594816207886,-0.017152974382042885,0.4258150580339134,0.071923828125,-0.008985094939998817
25,2852,71680,35,2000.0,-464.6337636285714,0.0041268321276220375,0.2527990937232971,0.2,0.0003,340,0.010657076,0.052604079246520996,-0.029009809717535973,0.5175008957274259,0.098583984375,-0.013731094120885246
25,2934,73728,36,2000.0,-452.33665727777776,0.008539076286979252,0.2478015273809433,0.2,0.0003,350,0.008433616,-0.12906885147094727,-0.021984636783599854,0.5904037551954389,0.08251953125,-0.0034457085932444896
25,3018,75776,37,2000.0,-440.59933208108106,0.0023188286460936068,0.23618680238723755,0.2,0.0003,360,0.011087114,-0.20929086208343506,-0.003454837715253234,0.6720455167815089,0.088525390625,-0.010916302444093163
25,3101,77824,38,2000.0,-429.46476734210523,0.0027949722947596457,0.22914618253707886,0.2,0.0003,370,0.009579228,0.02729177474975586,-0.02801322564482689,0.7673257149755954,0.082861328125,-0.011412766521971207
25,3184,79872,39,2000.0,-418.8354818974359,0.001561259323716513,0.21893538534641266,0.2,0.0003,380,0.011254548,0.020100116729736328,0.0037179284263402224,0.8635265592485666,0.08251953125,-0.013837534704362043
25,3268,81920,40,2000.0,-408.72661755,0.0021007941009884234,0.2115110456943512,0.2,0.0003,390,0.011901116,0.41056954860687256,-0.009297645650804043,0.9537113059312106,0.08134765625,-0.010137424804270267
25,3352,83968,41,2000.0,-399.0466354390244,0.001456947140286502,0.2005104422569275,0.2,0.0003,400,0.01249229,0.08945107460021973,-0.010671583004295826,1.0483611680567264,0.0998046875,-0.013370784897415434
25,3437,86016,42,2000.0,-381.0042204651163,0.0009462790266297816,0.1946469098329544,0.2,0.0003,410,0.012840583,0.004144191741943359,-0.013387965969741344,1.1430666450411082,0.120703125,-0.012035601881507318
25,3521,88064,43,2000.0,-372.58052445454547,0.001469041981818009,0.18675926327705383,0.2,0.0003,420,0.01564448,0.2174040675163269,-0.015756726264953613,1.2265742871910335,0.116748046875,-0.012294396552897524
24,3604,90112,44,2000.0,-364.4971186,0.000634666015912444,0.18055444955825806,0.2,0.0003,430,0.012710326,0.5352638065814972,-0.021853554993867874,1.3118884164839983,0.10546875,-0.009017902416235301
24,3688,92160,45,2000.0,-356.7475795217391,0.0005124212661030469,0.17242459952831268,0.2,0.0003,440,0.009366432,0.5711826682090759,-0.02524939551949501,1.3999866247177124,0.084228515625,-0.010905667113547679
24,3772,94208,46,2000.0,-349.3118285744681,0.0003987046347447176,0.1639544516801834,0.2,0.0003,450,0.009789499,0.5184295177459717,-0.040230534970760345,1.505138310790062,0.07255859375,-0.011909337442193645
24,3856,96256,47,2000.0,-342.17874556249996,0.00033210369010703287,0.1553342193365097,0.2,0.0003,460,0.010816937,0.6737294495105743,-0.02085520699620247,1.618889194354415,0.07841796875,-0.010248156081070192
24,3940,98304,48,2000.0,-335.33250718367344,0.0007186475135767978,0.1493629515171051,0.2,0.0003,470,0.013564814,0.7266432642936707,0.015788424760103226,1.7140707198530436,0.0951171875,-0.006824804577627219
24,4023,100352,49,2000.0,-328.73505121999995,0.0002970817257846647,0.14129965007305145,0.2,0.0003,480,0.013601925,0.5476174056529999,0.004394069779664278,1.81887970790267,0.097021484375,-0.013992938546289224
24,4107,102400,50,2000.0,-322.3874861372549,0.00025037390935267467,0.13548611104488373,0.2,0.0003,490,0.0069011096,0.7821981012821198,0.0032014402095228434,1.9178182810544968,0.07744140625,-0.006472720105375629
24,4190,104448,51,2000.0,-316.28334198076914,0.0001951501984535753,0.12932291626930237,0.2,0.0003,500,0.009552268,0.7878893613815308,-0.03469812497496605,2.0132648799568416,0.070947265625,-0.009027923853864195
24,4273,106496,52,2000.0,-310.4040869622641,0.0004083492799736632,0.12665434181690216,0.2,0.0003,510,0.012091329,0.5524100959300995,-0.017198048532009125,2.088166043907404,0.12275390625,-0.006512317409215029
24,4354,108544,53,2000.0,-304.74649081481476,0.0010316122759832069,0.12387258559465408,0.2,0.0003,520,0.008680119,0.6054365336894989,-0.013174004852771759,2.1426810286939144,0.110791015625,-0.005328284612187417
24,4435,110592,54,2000.0,-299.29792799999996,0.0015542564540169223,0.12034498155117035,0.2,0.0003,530,0.009706272,0.741173267364502,0.002623896114528179,2.2101009197533132,0.092578125,-0.0018290861640707589
24,4518,112640,55,2000.0,-294.0143874107143,0.0002968161491025967,0.11835013329982758,0.2,0.0003,540,0.0065802676,0.6141231060028076,-0.013104567304253578,2.2681034967303275,0.061767578125,-0.0010971555377182086
24,4601,114688,56,2000.0,-288.91665566666666,0.0001465929729306481,0.11539388447999954,0.2,0.0003,550,0.009949062,0.6768078804016113,0.009716581553220749,2.3279578939080237,0.101806640625,-0.0058439169777557256
24,4684,116736,57,2000.0,-283.99871536206894,0.00032409995893658563,0.1105770617723465,0.2,0.0003,560,0.009793565,0.8340687453746796,0.0033747055567801,2.4014310009777544,0.1087890625,-0.006308699432702269
24,4766,118784,58,2000.0,-279.24032608474573,0.00015890034849235234,0.10732506960630417,0.2,0.0003,570,0.0066324105,0.8615962564945221,-0.003997846972197294,2.4733980618417264,0.102880859375,-0.0042122131766518574
24,4847,120832,59,2000.0,-274.62783064999996,0.00010814793265581101,0.10330480337142944,0.2,0.0003,580,0.011504001,0.7056655585765839,0.016062885522842407,2.546608141064644,0.089306640625,-0.0061504007928306235
24,4931,122880,60,2000.0,-270.18657895081964,0.0011660127922368702,0.09986993670463562,0.2,0.0003,590,0.012716183,0.7889556884765625,0.0594932846724987,2.6221566341817377,0.123486328125,-0.003951532769133337
24,5012,124928,61,2000.0,-265.86648303225803,0.00018336070698410367,0.09603958576917648,0.2,0.0003,600,0.011663091,0.6139608323574066,-0.04427965357899666,2.7019239500164987,0.13818359375,-0.007435468625772046
24,5095,126976,62,2000.0,-261.6929335238095,0.0011235687910584602,0.0928751602768898,0.2,0.0003,610,0.011535715,0.6096180081367493,-0.01721009984612465,2.7670186653733255,0.1111328125,0.0002507417579181492
24,5177,129024,63,2000.0,-257.63339164062495,9.424334090226693e-05,0.09036420285701752,0.2,0.0003,620,0.006056983,0.6156444549560547,-0.009043111465871334,2.8353881858289243,0.062109375,-0.0030592279545089696
24,5258,131072,64,2000.0,-253.72399250769226,0.0031934786506838007,0.08848791569471359,0.2,0.0003,630,0.009340428,0.5150999426841736,0.023273859173059464,2.8826729014515875,0.1255859375,-0.0007001116871833801
24,5341,133120,65,2000.0,-249.9215478636363,0.0009791958630785303,0.08599632978439331,0.2,0.0003,640,0.010257316,0.7626412957906723,-0.0173074658960104,2.9281076855957506,0.126416015625,0.005367307359119877
24,5424,135168,66,2000.0,-246.22211523880588,0.0001883622017089692,0.08324141055345535,0.2,0.0003,650,0.0086189415,0.8174022436141968,0.005049512255936861,2.984540494531393,0.10283203125,-0.0028603114355064464
24,5507,137216,67,2000.0,-242.65266797058817,0.0013624141767536457,0.08117067813873291,0.2,0.0003,660,0.012002263,0.8348658233880997,-0.03091292269527912,3.0336003132164477,0.135400390625,0.004559144155064132
24,5590,139264,68,2000.0,-239.16041976811587,0.0001573299995357047,0.07966789603233337,0.2,0.0003,670,0.008614974,0.5540162920951843,-0.03265221044421196,3.0626545913517473,0.146826171875,-0.0020409920121892355
24,5674,141312,69,2000.0,-235.76794131428562,0.00017119762858328614,0.07713989913463593,0.2,0.0003,680,0.011663896,0.2809675335884094,0.009953335858881474,3.1137298591434956,0.099609375,-0.0024770523901679552
24,5756,143360,70,2000.0,-232.47452971830978,4.797570213099789e-05,0.07497887313365936,0.2,0.0003,690,0.011665199,0.8432340621948242,0.02058095671236515,3.187782222032547,0.12392578125,-0.00621334132301854
24,5840,145408,71,2000.0,-229.26589098611112,5.408881100947838e-05,0.07255622744560242,0.2,0.0003,700,0.008992994,0.5971395373344421,-0.0070072379894554615,3.2540723890066148,0.098388671875,-0.004518746173562249
24,5924,147456,72,2000.0,-226.16017823287672,0.001852302651178661,0.07052121311426163,0.2,0.0003,710,0.010596823,0.5335806310176849,-0.017214927822351456,3.3098620317876337,0.124755859375,-0.001454006994026713
24,6008,149504,73,2000.0,-223.12334931081082,8.52019427156847e-05,0.06886468827724457,0.2,0.0003,720,0.015019596,0.536596804857254,0.005126371048390865,3.352280680090189,0.134716796875,-0.0010944004010525533
24,6089,151552,74,2000.0,-220.16498666666666,0.00017793434049337976,0.0669899582862854,0.2,0.0003,730,0.014654826,0.32432013750076294,-0.022192182019352913,3.406862961500883,0.1416015625,-0.005139260474970797
24,6172,153600,75,2000.0,-217.28374346052632,2.4201242825938608e-05,0.06528246402740479,0.2,0.0003,740,0.011006717,0.8203469812870026,-0.006876563653349876,3.463330641388893,0.128173828125,-0.0054669309974997304
24,6254,155648,76,2000.0,-214.47600563636362,2.3220008191060516e-05,0.06355966627597809,0.2,0.0003,750,0.010799233,0.7863027006387711,0.006556407548487186,3.51973470300436,0.111572265625,-0.00022910365587449632
24,6337,157696,77,2000.0,-211.74239688461537,2.6058616363400233e-05,0.06160334125161171,0.2,0.0003,760,0.011760017,0.8854696452617645,0.011454935185611248,3.5778179064393045,0.112939453125,-0.0027178842967259696
24,6419,159744,78,2000.0,-209.07832797468356,0.0013596621499573302,0.059969156980514526,0.2,0.0003,770,0.014057223,0.8723178058862686,-0.002182685537263751,3.6336978144943712,0.128466796875,-0.0046150105175911445
24,6504,161792,79,2000.0,-206.47714319999994,3.857946990706296e-05,0.059220679104328156,0.2,0.0003,780,0.009592398,0.6413922905921936,0.009204172529280186,3.691384348273277,0.1392578125,-6.177922914503142e-05
24,6588,163840,80,2000.0,-203.95000767901232,0.0010855491560022301,0.059052322059869766,0.2,0.0003,790,0.0149964,0.7252025604248047,-0.017676526680588722,3.720312672108412,0.1171875,0.00508450733468635
24,6670,165888,81,2000.0,-201.48502604878044,0.0005591967123535823,0.058596421033144,0.2,0.0003,800,0.013434479,0.9229156374931335,0.0042105489410459995,3.7344032786786556,0.13583984375,0.0005066247103968635
24,6753,167936,82,2000.0,-199.07232419277102,4.590587936235124e-05,0.057151492685079575,0.2,0.0003,810,0.009596519,0.9311871826648712,0.002060790779069066,3.7754550211131574,0.11328125,-0.0042035076883621516
24,6837,169984,83,2000.0,-196.73110388095233,0.0015349942779351977,0.05705685168504715,0.2,0.0003,820,0.024637813,0.8977552428841591,-0.021297922357916832,3.7975432157516478,0.131298828125,0.0005149719479959458
24,6921,172032,84,2000.0,-192.19354787209295,0.0006037205227585219,0.056284695863723755,0.2,0.0003,830,0.016758528,0.9436221607029438,0.06154461205005646,3.8041242584586143,0.142236328125,0.0015826182381715626
24,7003,174080,85,2000.0,-189.99763233333323,0.00019905125114405564,0.0555863119661808,0.2,0.0003,840,0.018310003,0.7449448108673096,-0.01714896596968174,3.8300703413784505,0.1775390625,-0.003217397414846346
24,7089,176128,86,2000.0,-187.86562639772728,0.0007195633230566046,0.05547616630792618,0.2,0.0003,850,0.015920846,0.9172459170222282,-0.02279164269566536,3.8550142869353294,0.1498046875,0.0045163278773543425
24,7173,178176,87,2000.0,-185.77768726966295,0.000524434783071115,0.054022230207920074,0.2,0.0003,860,0.009002205,0.9419343806803226,-0.022896086797118187,3.885725099593401,0.1328125,-0.0019250079785706475
24,7256,180224,88,2000.0,-183.72145601111114,0.0002836791630784319,0.05336586758494377,0.2,0.0003,870,0.00855547,0.1726740598678589,-0.0065712169744074345,3.9212987303733824,0.1251953125,0.0004470964144275058
24,7343,182272,89,2000.0,-181.71629819780225,0.0009086249825600134,0.05282720923423767,0.2,0.0003,880,0.011772614,0.6412107944488525,0.020947875455021858,3.943759182840586,0.1220703125,-0.0016869475759449415
24,7428,184320,90,2000.0,-179.75204207608698,7.417047665398968e-05,0.05162888020277023,0.2,0.0003,890,0.013855326,0.801168754696846,-0.010184584185481071,3.985507829487324,0.1357421875,-0.0031536917747871486
24,7513,186368,91,2000.0,-177.82757469892476,0.0001723613982932193,0.05067266523838043,0.2,0.0003,900,0.013017358,0.53017458319664,0.010206840932369232,4.044437731802463,0.136181640625,-0.0034070737965521403
24,7594,188416,92,2000.0,-175.95254417021278,0.0009987439715899882,0.050330646336078644,0.2,0.0003,910,0.010845179,0.7888614684343338,0.04323085397481918,4.0690620869398115,0.12646484375,0.0021168948776903564
24,7676,190464,93,2000.0,-174.10667981052634,0.00028833639310619217,0.04916125163435936,0.2,0.0003,920,0.014420933,0.2495061755180359,-0.03001227043569088,4.0961596995592116,0.146142578125,0.00044965326742385514
24,7761,192512,94,2000.0,-172.29974712499998,6.328241668711599e-05,0.04755517095327377,0.2,0.0003,930,0.0110861845,0.49648934602737427,-0.010362901724874973,4.152462069690228,0.1412109375,-0.003696405761002097
24,7845,194560,95,2000.0,-170.52975192783504,0.0001331595894129123,0.04673333466053009,0.2,0.0003,940,0.012139784,0.7316982746124268,-0.00013041899364907295,4.209572033584118,0.114794921875,-0.0007370131381321699
24,7926,196608,96,2000.0,-168.79556983673467,1.4813462880169936e-05,0.04635346680879593,0.2,0.0003,950,0.0075464314,0.8121033906936646,-0.010328704491257668,4.237231452763081,0.095703125,0.0009199309381074273
24,8011,198656,97,2000.0,-167.10292337373735,0.0008004103787982331,0.046586427837610245,0.2,0.0003,960,0.016171023,0.37259989976882935,-0.033565010875463486,4.242623139917851,0.141162109375,0.004831093410757603
24,8093,200704,98,2000.0,-165.44342335999997,0.0006294342551257159,0.046210769563913345,0.2,0.0003,970,0.012290234,0.8772392049431801,-0.00876317173242569,4.252192671597004,0.16220703125,-0.003027056355495006
24,8177,202752,99,2000.0,-137.95543594,0.00019000270283697773,0.04641977697610855,0.2,0.0003,980,0.009593707,0.9228616282343864,-0.011323790065944195,4.2679725885391235,0.12880859375,0.0032901247242989482
24,8260,204800,100,2000.0,-116.89403226999997,0.0005544499521477064,0.0454937145113945,0.2,0.0003,990,0.01097212,-0.09429001808166504,0.00792378094047308,4.294260281324386,0.172119140625,0.001903794859390473
24,8345,206848,101,2000.0,-99.00306261,0.001957746760933787,0.044979412108659744,0.2,0.0003,1000,0.029504899,0.7275364100933075,0.004914401099085808,4.322799982130528,0.1640625,0.013207965651963605
24,8428,208896,102,2000.0,-84.7486314,0.003240897475194515,0.044080473482608795,0.2,0.0003,1010,0.013253568,0.7794619798660278,-0.008197469636797905,4.354582877457142,0.16015625,-0.001170466307667084
24,8512,210944,103,2000.0,-72.23488424,8.332045960059986e-05,0.043581098318099976,0.2,0.0003,1020,0.006250803,0.5009920001029968,-0.005618163850158453,4.389268185198307,0.125390625,0.0036588657647371294
24,8597,212992,104,2000.0,-62.793658019999995,0.00011269413882928348,0.04288239777088165,0.2,0.0003,1030,0.010792399,0.9214873686432838,0.02720322087407112,4.418968327343464,0.147802734375,0.004244650158216246
24,8681,215040,105,2000.0,-53.96673372000001,0.00021828143848665605,0.0424836203455925,0.2,0.0003,1040,0.006845557,0.6286043226718903,0.007418839726597071,4.439603871107101,0.106005859375,0.0010226659112959168
24,8763,217088,106,2000.0,-46.780816890000004,0.0003637454415780894,0.04106256365776062,0.2,0.0003,1050,0.028069515,0.86735500395298,-0.016537228599190712,4.470106177031994,0.1767578125,-0.005161696964933071
24,8845,219136,107,2000.0,-40.98082200999999,0.00016408373386695986,0.04111029580235481,0.2,0.0003,1060,0.018941687,0.9456914253532887,-0.0071545252576470375,4.505210514366627,0.1380859375,0.0007654772081878037
24,8929,221184,108,2000.0,-35.81900418,0.004317602628086092,0.040566105395555496,0.2,0.0003,1070,0.020064324,0.6409570574760437,0.03657198324799538,4.519297070801258,0.17314453125,0.0013191279125749134
24,9011,223232,109,2000.0,-31.58766963,0.0001393605079556437,0.03979024291038513,0.2,0.0003,1080,0.0072450843,0.8809906095266342,0.014478443190455437,4.56128058731556,0.12802734375,0.002117524922505254
24,9093,225280,110,2000.0,-27.76065478,0.00015636724115211109,0.039700813591480255,0.2,0.0003,1090,0.008145921,0.13842260837554932,-0.021408401429653168,4.589202107489109,0.13330078125,0.0012664736335864291
24,9178,227328,111,2000.0,-24.45736357,5.556784969087403e-05,0.03883080556988716,0.2,0.0003,1100,0.00542301,0.9478825442492962,-0.014274578541517258,4.626050640642643,0.132568359375,-0.0019529450393747539
24,9263,229376,112,2000.0,-21.732465549999997,3.6110923358023686e-05,0.03831397369503975,0.2,0.0003,1110,0.0051726797,0.9560051374137402,-0.0010240330593660474,4.659682703018189,0.1048828125,0.0015373852460470517
24,9346,231424,113,2000.0,-19.305968039999996,0.0015999121976477682,0.037836313247680664,0.2,0.0003,1120,0.0134688495,0.8467796295881271,-0.012185287661850452,4.683559206128121,0.1470703125,0.0006038159292074852
24,9430,233472,114,2000.0,-17.088081359999997,5.2985440171937624e-05,0.037837956100702286,0.2,0.0003,1130,0.01368493,0.2801368236541748,-0.02397773042321205,4.709272643923759,0.140966796875,0.002193747871206142
24,9513,235520,115,2000.0,-15.280810789999999,5.073701144908682e-05,0.03698132187128067,0.2,0.0003,1140,0.009344878,0.3050265312194824,-0.01345952320843935,4.737764869630337,0.11748046875,0.0015432136111485305
24,9596,237568,116,2000.0,-13.672023,6.469281415633077e-05,0.03675251081585884,0.2,0.0003,1150,0.009637147,0.7066489160060883,-0.015249308198690414,4.754462376236916,0.14873046875,0.0003221915147150867
24,9680,239616,117,2000.0,-12.285516719999999,9.063011737708848e-05,0.036613721400499344,0.2,0.0003,1160,0.010874082,0.9098271206021309,0.050823889672756195,4.761579744517803,0.126513671875,-0.0014886819262756035
24,9762,241664,118,2000.0,-11.042897520000002,5.667613542783556e-05,0.0366927832365036,0.2,0.0003,1170,0.011384778,0.3576464056968689,0.004666001070290804,4.769353131949901,0.140380859375,-0.000774489612376783
24,9846,243712,119,2000.0,-9.93275475,0.0008581458112558949,0.03585418686270714,0.2,0.0003,1180,0.01134274,0.9255013763904572,-0.024999449029564857,4.793367844820023,0.155615234375,-0.0012543897784780711
24,9934,245760,120,2000.0,-9.01009334,0.003694675085216659,0.035604532808065414,0.2,0.0003,1190,0.021714006,0.34415024518966675,-0.03068108670413494,4.801870530843734,0.1548828125,0.005590301781194284
24,10016,247808,121,2000.0,-8.144004989999999,0.000496903532206261,0.03541645407676697,0.2,0.0003,1200,0.031034902,0.9230794087052345,0.02277018129825592,4.816893164813519,0.15478515625,0.007190338447981048
24,10100,249856,122,2000.0,-7.41118645,0.00024353463523141272,0.03498699143528938,0.2,0.0003,1210,0.01185914,0.924178808927536,0.018950024619698524,4.84252617508173,0.1298828125,-0.0013017682198551484
24,10183,251904,123,2000.0,-6.75394452,0.00011754940946673287,0.03413615748286247,0.2,0.0003,1220,0.014897643,0.5048267841339111,0.003545190906152129,4.885130919516087,0.146337890625,-0.0017079011857276782
24,10267,253952,124,2000.0,-6.170435979999999,0.00021212683312228365,0.034277480095624924,0.2,0.0003,1230,0.009392565,0.20117437839508057,0.0015136199072003365,4.916511437296867,0.121337890625,0.0009773179161129519
24,10351,256000,125,2000.0,-5.20051758,0.00019792663704834012,0.033815305680036545,0.2,0.0003,1240,0.013612022,0.3613194227218628,-0.009206614457070827,4.925989152491093,0.158154296875,0.0013516114762751386
24,10436,258048,126,2000.0,-4.801983969999999,2.5353345870371412e-05,0.033514127135276794,0.2,0.0003,1250,0.015559566,0.905843548476696,-0.02378290705382824,4.941491869091988,0.1599609375,0.002892705395061057
24,10519,260096,127,2000.0,-4.441107669999999,0.0007350341854817088,0.032958731055259705,0.2,0.0003,1260,0.010513653,0.2764647603034973,-0.02278725616633892,4.958435614407063,0.130859375,-0.0009222761262208223
24,10602,262144,128,2000.0,-4.118421509999999,6.915573582233492e-05,0.032805025577545166,0.2,0.0003,1270,0.011289244,0.6140221059322357,-0.01424997579306364,4.977926672995091,0.150634765625,0.0037703395770222413
24,10686,264192,129,2000.0,-3.835689509999999,0.0004971933802693229,0.03262583911418915,0.2,0.0003,1280,0.015245922,0.7257832288742065,-0.010822484269738197,4.987916159629822,0.1408203125,0.004694209755689372
24,10772,266240,130,2000.0,-3.5791921700000002,4.503194788867404e-05,0.03243846818804741,0.2,0.0003,1290,0.01072382,0.11699318885803223,-0.016518058255314827,5.006703335046768,0.13369140625,0.0016480350706842728
24,10857,268288,131,2000.0,-3.3539276,0.0014977110503750168,0.032273512333631516,0.2,0.0003,1300,0.013831676,0.6689989268779755,-0.00976948905736208,5.033995732665062,0.153369140625,-0.00014770401903660968
24,10941,270336,132,2000.0,-3.1405402600000003,1.111207888513377e-05,0.03140683099627495,0.2,0.0003,1310,0.013521674,0.9494131095707417,0.004785818047821522,5.060124562680722,0.141015625,0.0010819689370691777
24,11027,272384,133,2000.0,-2.92524762,2.641175104827198e-05,0.03128109872341156,0.2,0.0003,1320,0.022734903,0.7057671546936035,0.0011559204431250691,5.085141748189926,0.13720703125,0.003211257558723446
24,11110,274432,134,2000.0,-2.75559461,0.0015234747515251,0.03099634312093258,0.2,0.0003,1330,0.021787092,0.4142465591430664,0.029900798574090004,5.101773759722709,0.182958984375,-0.002591566325281747
24,11194,276480,135,2000.0,-2.5849589,3.1669574690340595e-05,0.03030705638229847,0.2,0.0003,1340,0.007852501,0.2833651304244995,-0.009958512149751186,5.13119404911995,0.153125,-0.0030669477047922554
24,11279,278528,136,2000.0,-2.4392482600000003,1.8765646478868804e-05,0.03054940141737461,0.2,0.0003,1350,0.014931682,0.6750130355358124,0.02439981885254383,5.148955024778843,0.1599609375,-0.0028927709368872455
24,11363,280576,137,2000.0,-2.3017390200000003,7.168506309085387e-05,0.03030780516564846,0.2,0.0003,1360,0.011703037,0.7717196196317673,-0.024851959198713303,5.150755307078361,0.169482421875,-0.0023353318785666486
24,11449,282624,138,2000.0,-2.1922701900000003,0.0005027242707093648,0.029945146292448044,0.2,0.0003,1370,0.021054443,0.9284290671348572,0.022212442010641098,5.162906771898269,0.176611328125,0.0027246588055277244
24,11534,284672,139,2000.0,-2.09537965,0.0025932731987069247,0.03006196767091751,0.2,0.0003,1380,0.029483799,0.8302797824144363,-0.025008339434862137,5.163965183496475,0.15927734375,0.005325802351580933
24,11617,286720,140,2000.0,-1.9926084,0.00010745685954702822,0.02922436222434044,0.2,0.0003,1390,0.008968362,-0.0029550790786743164,-0.023967698216438293,5.195546963810921,0.14482421875,0.002593282583984546
24,11701,288768,141,2000.0,-1.89875263,0.00013033623255793715,0.029362495988607407,0.2,0.0003,1400,0.013406568,0.9311020076274872,0.0051955427043139935,5.229659596085549,0.147509765625,0.004444677608262282
24,11787,290816,142,2000.0,-1.81291578,9.132938282903069e-05,0.029106924310326576,0.2,0.0003,1410,0.015637107,-0.10425782203674316,-0.0071852002292871475,5.248509228229523,0.18349609375,0.000428423828270752
24,11873,292864,143,2000.0,-1.7362359499999998,2.6931041655586797e-05,0.029050631448626518,0.2,0.0003,1420,0.0094190175,0.7306660115718842,-0.00339012173935771,5.277709622681141,0.137255859375,0.0021506151562789453
24,11958,294912,144,2000.0,-1.6716707400000002,0.003722758726784292,0.028809096664190292,0.2,0.0003,1430,0.010103537,0.7951783388853073,-0.01625692844390869,5.282348729670048,0.151904296875,0.0014989603245339823
24,12043,296960,145,2000.0,-1.6121911699999998,8.229394115772947e-05,0.028651874512434006,0.2,0.0003,1440,0.013781084,0.9659965708851814,0.004290266428142786,5.287920820713043,0.13046875,-0.0021181120595429094
24,12126,299008,146,2000.0,-1.55677359,0.0010037292636440043,0.028478097170591354,0.2,0.0003,1450,0.018209994,0.827223390340805,-0.01793169416487217,5.296780876815319,0.19619140625,0.01045453074912075
24,12211,301056,147,2000.0,-1.5160739500000002,0.0019041603771597694,0.028114676475524902,0.2,0.0003,1460,0.020794382,0.9044500440359116,-0.021651972085237503,5.316056250035762,0.18701171875,0.00020552599598886446
24,12295,303104,148,2000.0,-1.48135854,0.004319121375783652,0.02790106274187565,0.2,0.0003,1470,0.01512314,0.8789971992373466,-0.014685528352856636,5.330051055550575,0.1609375,-0.002789654163643718
24,12380,305152,149,2000.0,-1.44102119,8.263287045906509e-05,0.027861300855875015,0.2,0.0003,1480,0.008300931,0.9245062246918678,0.006056358106434345,5.345680189132691,0.150732421875,0.0013270824056235142
24,12466,307200,150,2000.0,-1.3994135,0.0001380209894591644,0.028302796185016632,0.2,0.0003,1490,0.008210263,0.3618049621582031,0.020024817436933517,5.358412052690983,0.185302734375,0.004379379955935292
24,12551,309248,151,2000.0,-1.35751139,3.7816579876448486e-05,0.02848968096077442,0.2,0.0003,1500,0.014796885,0.8986917808651924,-0.014150071889162064,5.359625191986561,0.173486328125,-5.293434514896944e-06
24,12635,311296,152,2000.0,-1.31494877,0.0001361685525225198,0.0284162275493145,0.2,0.0003,1510,0.012516349,0.9608020223677158,0.009840760380029678,5.359237048029899,0.150146484375,0.0044995309821388215
24,12720,313344,153,2000.0,-1.2834782200000003,0.00023325717186821747,0.028065215796232224,0.2,0.0003,1520,0.008164421,0.3244480490684509,-0.010627278126776218,5.385092867910862,0.150341796875,0.0028389670165779534
24,12807,315392,154,2000.0,-1.2572605000000001,4.007802089347479e-05,0.02815737947821617,0.2,0.0003,1530,0.019991752,0.9579592049121857,-0.0069441706873476505,5.396963885426521,0.18125,0.005699641223327489
24,12892,317440,155,2000.0,-1.2311661,0.0008279534058843296,0.027988756075501442,0.2,0.0003,1540,0.017370138,0.7733739614486694,0.03613629937171936,5.399089600145817,0.172509765625,0.007373499340610578
24,12975,319488,156,2000.0,-1.20882357,0.0003915836902933734,0.027594320476055145,0.2,0.0003,1550,0.009805709,0.9550412483513355,-0.02188579924404621,5.41431792229414,0.166650390625,0.0009997367666073841
24,13060,321536,157,2000.0,-1.19872393,0.0012080391282381698,0.027243176475167274,0.2,0.0003,1560,0.020960618,0.9195686355233192,0.0883849710226059,5.433684022724629,0.203271484375,0.0006137473144917748
24,13147,323584,158,2000.0,-1.1784456300000001,0.0011484799853349159,0.02704981155693531,0.2,0.0003,1570,0.023399582,0.8325980603694916,0.022295929491519928,5.444360648095608,0.2375,0.003771367442823248
24,13232,325632,159,2000.0,-1.1634548500000002,0.00012840263419207077,0.02694808505475521,0.2,0.0003,1580,0.010215059,0.8999992609024048,0.018595121800899506,5.463777035474777,0.2005859375,0.007343581526220078
24,13315,327680,160,2000.0,-1.1407541399999999,0.00010422809397994114,0.026774652302265167,0.2,0.0003,1590,0.025693893,0.7039972841739655,-0.005340425297617912,5.483510382473469,0.18603515625,0.004379754772526212
24,13399,329728,161,2000.0,-1.12497194,0.002702728462605819,0.02644035965204239,0.2,0.0003,1600,0.013225174,-0.5472763776779175,-0.003662993898615241,5.501053737103939,0.18994140625,0.002926449138612952
24,13484,331776,162,2000.0,-1.1045807200000002,0.0022313767637285762,0.026295285671949387,0.2,0.0003,1610,0.030439742,0.7291537523269653,0.08356420695781708,5.5103845819830894,0.23291015625,0.027247275607078337
24,13571,333824,163,2000.0,-1.0816908,4.460739709202244e-05,0.025753632187843323,0.2,0.0003,1620,0.015257003,0.6212874054908752,-0.0063310544937849045,5.531410095095635,0.14609375,0.0010507043509278447
24,13656,335872,164,2000.0,-1.08063674,0.0013009163923470624,0.025465227663517,0.2,0.0003,1630,0.040344253,0.7325063049793243,-0.01986667513847351,5.56961080133915,0.21357421875,-0.00554002023418434
24,13741,337920,165,2000.0,-1.0535893200000002,4.257924035471206e-05,0.02527954988181591,0.2,0.0003,1640,0.007732477,0.9487549550831318,-0.001609188737347722,5.59671271443367,0.165576171875,0.0074617057092837055
24,13825,339968,166,2000.0,-1.03946414,0.00017612165839864247,0.024998784065246582,0.2,0.0003,1650,0.01683874,-0.6410330533981323,-0.004269147291779518,5.624291722476483,0.181884765625,0.004580529445956927
24,13910,342016,167,2000.0,-1.0285810400000002,0.002492872561182935,0.025178682059049606,0.2,0.0003,1660,0.040522765,0.7153209149837494,-0.022823426872491837,5.629403755068779,0.183642578125,0.013151758479943964
24,13995,344064,168,2000.0,-1.01773192,0.00018977112188167666,0.02499895915389061,0.2,0.0003,1670,0.009509658,0.5651609301567078,-0.01622266322374344,5.646388587355614,0.18515625,0.006197211001563119
24,14080,346112,169,2000.0,-0.9956462199999998,5.280896965018655e-05,0.024649551138281822,0.2,0.0003,1680,0.015488466,0.5102749168872833,-0.00037537215393967927,5.682560755312442,0.1736328125,0.002674905804815353
24,14166,348160,170,2000.0,-0.9863494599999999,1.7222361179847212e-05,0.024754758924245834,0.2,0.0003,1690,0.012919238,0.9253884255886078,-0.01908433623611927,5.698410061001778,0.16279296875,0.003960854372417088
24,14251,350208,171,2000.0,-0.9770327199999999,3.469820464943041e-05,0.02449588105082512,0.2,0.0003,1700,0.022131551,0.7228789627552032,-0.0070824213325977325,5.7103077039122585,0.1580078125,0.00034638504293980075
24,14336,352256,172,2000.0,-0.9709546400000001,1.938212795629113e-05,0.02441701665520668,0.2,0.0003,1710,0.021613553,0.8938934430480003,0.06855975836515427,5.722347530722618,0.193603515625,-0.0005693228027666919
24,14420,354304,173,2000.0,-0.9917375799999999,0.003268928231273094,0.024349432438611984,0.2,0.0003,1720,0.050990794,0.6860580444335938,-0.01215464249253273,5.728645505011082,0.234423828125,0.005858805477328133
24,14506,356352,174,2000.0,-0.9830339100000001,8.574549947582e-05,0.02385091967880726,0.2,0.0003,1730,0.01588661,0.48187506198883057,-0.023614421486854553,5.756269627809525,0.214208984375,0.0004320649823057465
24,14593,358400,175,2000.0,-0.97619354,2.6398325277909863e-05,0.023459579795598984,0.2,0.0003,1740,0.017053697,0.9517931714653969,-0.009606556966900826,5.804834027588368,0.191796875,-0.0007495964695408474
24,14677,360448,176,2000.0,-0.96964405,8.589494727715419e-05,0.023144632577896118,0.2,0.0003,1750,0.021605149,0.26289987564086914,0.004132616333663464,5.841565905511379,0.1779296875,0.001991420369631669
24,14764,362496,177,2000.0,-0.97759186,0.004015710948800688,0.02294822782278061,0.2,0.0003,1760,0.1461357,0.7712336629629135,0.03621566668152809,5.864326502382755,0.314453125,0.007747053978528129
24,14849,364544,178,2000.0,-0.9621080099999999,0.00017050074873736776,0.0227875467389822,0.2,0.0003,1770,0.036844417,-0.01349031925201416,-0.011929236352443695,5.888891351222992,0.22216796875,0.008356544413254596
24,14933,366592,179,2000.0,-0.95791478,4.470092600925568e-05,0.02258875221014023,0.2,0.0003,1780,0.025661718,0.9616934657096863,-0.011692782863974571,5.91300685107708,0.201416015625,0.012173874842119403
24,15019,368640,180,2000.0,-0.95241478,0.00017454183495146935,0.022266091778874397,0.2,0.0003,1790,0.027223429,0.9475556388497353,-0.010491620749235153,5.924130144715309,0.219677734375,0.03408534602349391
24,15103,370688,181,2000.0,-0.9406897,0.0003578398549493045,0.02210681512951851,0.2,0.0003,1800,0.019530328,0.9384091570973396,0.01308803353458643,5.941070556640625,0.204150390625,0.009330979609512725
24,15186,372736,182,2000.0,-0.9475210399999999,0.0019109290009964753,0.0221352968364954,0.2,0.0003,1810,0.02644505,0.8003170043230057,-0.022199954837560654,5.955037486553192,0.193505859375,0.01090196404402377
24,15271,374784,183,2000.0,-0.9476578099999999,0.0001919799664705124,0.02198103256523609,0.2,0.0003,1820,0.017433427,0.9469226337969303,-0.01624349318444729,5.961132833361626,0.151611328125,0.00658985434420174
24,15357,376832,184,2000.0,-0.9391698900000001,0.00037218007326487166,0.02167462185025215,0.2,0.0003,1830,0.024926908,0.9472745172679424,-0.019149089232087135,5.983873355388641,0.200537109375,0.01331178183463635
24,15443,378880,185,2000.0,-0.9205223499999999,0.0001433526645598704,0.021480383351445198,0.2,0.0003,1840,0.023661092,-0.03338301181793213,-0.013676174916327,6.00886866748333,0.2,0.0007098834816133603
24,15527,380928,186,2000.0,-0.9212814899999999,3.334270290196173e-05,0.02135932445526123,0.2,0.0003,1850,0.012411235,0.9681567326188087,0.001235366566106677,6.033274751901627,0.16884765625,0.008122092562553007
24,15613,382976,187,2000.0,-0.92111302,0.002396870809201346,0.02091914415359497,0.2,0.0003,1860,0.023934659,0.8618889003992081,0.010109283961355686,6.05358470082283,0.182763671875,-0.0019165822042850778
24,15697,385024,188,2000.0,-0.9149815699999999,9.686480315025392e-05,0.020666377618908882,0.2,0.0003,1870,0.013645278,0.42945289611816406,-0.015969334170222282,6.0837366238236426,0.2099609375,0.008412943914299831
24,15783,387072,189,2000.0,-0.93360522,0.0024826682574115464,0.02081305719912052,0.2,0.0003,1880,0.049544092,0.7686392217874527,-0.027007220312952995,6.097292007505894,0.159814453125,0.048880276779527776
24,15868,389120,190,2000.0,-0.9206405199999999,0.00022712852519930494,0.020571619272232056,0.2,0.0003,1890,0.0067661954,0.11245155334472656,0.013952487148344517,6.1082731753587725,0.17080078125,0.004703395622345852
24,15953,391168,191,2000.0,-0.9184192899999998,6.165671233873126e-05,0.02038080058991909,0.2,0.0003,1900,0.018608928,0.6976142823696136,0.00982598029077053,6.135862800478935,0.1634765625,0.0036387914384249597
24,16037,393216,192,2000.0,-0.9191683699999998,3.356040164774754e-05,0.020300235599279404,0.2,0.0003,1910,0.022040978,0.9174861758947372,-0.020986998453736305,6.147089324891567,0.1583984375,0.0028910560606163925
24,16121,395264,193,2000.0,-0.9213880899999998,2.1827224129467027e-05,0.020470477640628815,0.2,0.0003,1920,0.012882492,0.9849735042080283,-0.0152947548776865,6.144682349264622,0.14755859375,0.003182911919429898
24,16208,397312,194,2000.0,-0.9197083699999999,9.15551666125225e-05,0.02036517672240734,0.2,0.0003,1930,0.010036308,0.6158170700073242,0.0031008892692625523,6.148704607784748,0.170654296875,-0.0001037402602378279
24,16294,399360,195,2000.0,-0.91629995,0.0001882537022744657,0.020298372954130173,0.2,0.0003,1940,0.026054878,0.9716406408697367,0.06318154186010361,6.159092178940773,0.215625,0.001839545657276176
24,16378,401408,196,2000.0,-0.9068963199999999,0.003930744139911724,0.02018902450799942,0.2,0.0003,1950,0.014798419,0.1027175784111023,-0.025852734223008156,6.16892197728157,0.23408203125,0.009482470750663196
24,16464,403456,197,2000.0,-0.9017372899999999,2.1900420468767833e-05,0.020288605242967606,0.2,0.0003,1960,0.025907759,0.8620542585849762,-0.011205149814486504,6.168929792940617,0.23173828125,0.007154593592713354
24,16551,405504,198,2000.0,-0.89828068,6.208922401285122e-05,0.019990749657154083,0.2,0.0003,1970,0.020215377,0.4973803758621216,-0.016276516020298004,6.172282041609288,0.230224609375,0.003974728616594802
24,16638,407552,199,2000.0,-0.8920530899999999,0.00370090818050528,0.020012499764561653,0.2,0.0003,1980,0.10489882,0.460945188999176,-0.023976903408765793,6.172547648847103,0.309814453125,0.07003604088677093
24,16724,409600,200,2000.0,-0.8828185299999999,0.0001260874584417593,0.019990190863609314,0.2,0.0003,1990,0.028192665,0.8285707086324692,0.05725725740194321,6.176847660541535,0.183984375,0.008537690463708714
24,16809,411648,201,2000.0,-0.88360594,4.820264066509594e-05,0.01971031352877617,0.2,0.0003,2000,0.0074021956,0.9264956638216972,-0.008361278101801872,6.183675037324429,0.15234375,0.010096768302901182
24,16895,413696,202,2000.0,-0.89425715,0.0019288148134108951,0.01929548755288124,0.2,0.0003,2010,0.14994708,0.7463372051715851,-0.02738158591091633,6.20464450865984,0.24736328125,-0.001985547214280814
24,16982,415744,203,2000.0,-0.88895882,0.0012558178107326512,0.019369322806596756,0.2,0.0003,2020,0.020018462,-0.2687641382217407,0.011356908828020096,6.240117163956166,0.211083984375,0.004460961109361961
24,17067,417792,204,2000.0,-0.89717859,0.00035682691035390237,0.01919681392610073,0.2,0.0003,2030,0.0850621,0.8059819936752319,0.009107474237680435,6.251383659243584,0.25732421875,0.013977452264225577
24,17153,419840,205,2000.0,-0.8933575,0.00011799823591189807,0.019189778715372086,0.2,0.0003,2040,0.029928546,0.942978959530592,-0.0051062386482954025,6.262836121022701,0.255615234375,0.0138817287152051
24,17239,421888,206,2000.0,-0.8733275400000001,0.00011411197055792855,0.01922588422894478,0.2,0.0003,2050,0.015067945,-0.3231229782104492,-0.017027806490659714,6.278266222774983,0.233203125,0.005501531034678919
24,17324,423936,207,2000.0,-0.8643642000000001,6.604575288235993e-05,0.0193188413977623,0.2,0.0003,2060,0.0302316,0.02389281988143921,-0.01891741342842579,6.2876064196228985,0.285498046875,0.008010444173123688
24,17412,425984,208,2000.0,-0.86141946,5.616529807355164e-05,0.01898077316582203,0.2,0.0003,2070,0.017544743,0.3479836583137512,-0.013905220665037632,6.3032641261816025,0.267626953125,0.006814271513940184
24,17496,428032,209,2000.0,-0.8598223500000001,0.0008520568789975869,0.019091850146651268,0.2,0.0003,2080,0.06355048,0.5066001117229462,-0.03353951498866081,6.313532321155071,0.20830078125,-0.004250832711113617
24,17580,430080,210,2000.0,-0.8653550700000001,0.0005383307890625133,0.018880080431699753,0.2,0.0003,2090,0.103471525,0.7455890476703644,0.005950659513473511,6.322234193980694,0.318701171875,0.013301657459669514
24,17666,432128,211,2000.0,-0.86343934,0.0017775741957990476,0.018709981814026833,0.2,0.0003,2100,0.021130763,0.1643846035003662,0.04905598610639572,6.335891206562519,0.263525390625,0.009269089791632722
24,17753,434176,212,2000.0,-0.8667130399999999,3.066458432350316e-05,0.01881294883787632,0.2,0.0003,2110,0.018418297,0.9513404369354248,0.03434355929493904,6.342331376671791,0.1990234375,0.005639715683355462
24,17838,436224,213,2000.0,-0.8661571400000001,0.0026331522515761208,0.01878613978624344,0.2,0.0003,2120,0.027019072,0.8362014442682266,-0.011954694986343384,6.3362859159708025,0.217041015625,0.020364468307525384
24,17924,438272,214,2000.0,-0.8597263100000001,4.585711287319327e-05,0.018436681479215622,0.2,0.0003,2130,0.009383939,0.5520507395267487,0.0047044912353158,6.355142083764076,0.157958984375,0.0020512458228040486
24,18011,440320,215,2000.0,-0.8626743800000001,8.681419994793771e-05,0.018204331398010254,0.2,0.0003,2140,0.033478394,0.9111443385481834,0.017650995403528214,6.3821792036294935,0.179638671875,0.01056225989595987
24,18097,442368,216,2000.0,-0.8681172400000001,0.0033398838585924294,0.018096521496772766,0.2,0.0003,2150,0.03196629,0.6486479640007019,-0.020339542999863625,6.392442886531353,0.219287109375,0.011613969002792147
24,18182,444416,217,2000.0,-0.8459289500000001,0.0008220437158058758,0.01801810786128044,0.2,0.0003,2160,0.045213997,-0.05622398853302002,0.014388220384716988,6.415028040111065,0.244970703125,3.758431266760453e-05
24,18268,446464,218,2000.0,-0.82897183,8.419864193598414e-05,0.017693156376481056,0.2,0.0003,2170,0.014375785,-0.5679501295089722,-0.0018603228963911533,6.451352344453335,0.214306640625,0.0005485086461703758
24,18353,448512,219,2000.0,-0.81975758,7.028266268704897e-06,0.01778712123632431,0.2,0.0003,2180,0.031704992,0.9648016281425953,0.017298875376582146,6.464608505368233,0.206591796875,0.009700001799501479
24,18440,450560,220,2000.0,-0.8277519200000001,0.0028693976640269624,0.017616823315620422,0.2,0.0003,2190,0.02875373,0.7106997072696686,0.011122871190309525,6.459293918311596,0.23974609375,0.0159237564621435
24,18525,452608,221,2000.0,-0.82986593,2.9351052616277685e-05,0.017678575590252876,0.2,0.0003,2200,0.008116191,0.95162034034729,-0.024570006877183914,6.469194801151753,0.180810546875,0.006208394746499835
24,18610,454656,222,2000.0,-0.82967227,8.192341803976433e-05,0.017248088493943214,0.2,0.0003,2210,0.019509673,0.4427754282951355,0.002742470009252429,6.49758727401495,0.2244140625,0.00581304490333423
24,18697,456704,223,2000.0,-0.82710514,0.00016308087479117718,0.01737307943403721,0.2,0.0003,2220,0.012878903,0.7604008466005325,0.015271131880581379,6.517203214764595,0.23134765625,0.007703826893703081
24,18782,458752,224,2000.0,-0.8309816600000001,0.012696332186295933,0.017482060939073563,0.2,0.0003,2230,0.01491268,0.5380471646785736,0.025513863191008568,6.515770180523395,0.17412109375,0.008311487721221056
24,18868,460800,225,2000.0,-0.8353633799999999,3.37225227866611e-05,0.017306389287114143,0.2,0.0003,2240,0.01639311,0.9567258693277836,-0.008956540375947952,6.519019171595573,0.1994140625,0.00965194224700099
24,18952,462848,226,2000.0,-0.8447218699999999,0.0002601193198600527,0.01706397719681263,0.2,0.0003,2250,0.03127943,0.6931077241897583,0.05068426579236984,6.5360704645514485,0.2453125,0.008526473605888896
24,19039,464896,227,2000.0,-0.83746327,8.026998672079344e-05,0.016758043318986893,0.2,0.0003,2260,0.020120168,0.517915278673172,0.02332441508769989,6.561901687085628,0.229736328125,0.0023229288679431194
24,19125,466944,228,2000.0,-0.8634063299999998,0.0031347347049461407,0.01671629771590233,0.2,0.0003,2270,0.14418885,0.6301060318946838,0.6279942393302917,6.573317620158195,0.25849609375,0.0021290434611728414
24,19209,468992,229,2000.0,-0.8606948299999998,0.00033352779531696796,0.016308341175317764,0.2,0.0003,2280,0.021795776,0.16298025846481323,0.00992298498749733,6.600124505162239,0.224853515625,0.002743602062400896
24,19296,471040,230,2000.0,-0.85759602,0.0012772530566962815,0.016280971467494965,0.2,0.0003,2290,0.033317395,-0.3500480651855469,-0.022259818390011787,6.633785820007324,0.21796875,0.009119004677631892
24,19382,473088,231,2000.0,-0.85816882,4.049144263618132e-05,0.01612100563943386,0.2,0.0003,2300,0.024126127,0.9167643710970879,0.010863379575312138,6.637798918783664,0.240966796875,0.008538273699377897
24,19470,475136,232,2000.0,-0.84833544,7.43441873737538e-05,0.015743941068649292,0.2,0.0003,2310,0.024169242,-0.1162405014038086,0.016955234110355377,6.665416325628757,0.25537109375,0.007725941789976787
24,19554,477184,233,2000.0,-0.8586494700000001,0.0008126577243011468,0.015660610049962997,0.2,0.0003,2320,0.2460384,0.7909979820251465,-0.017315981909632683,6.690555776655674,0.31396484375,0.016819197452423395
24,19641,479232,234,2000.0,-0.8593282900000002,3.53828872718509e-05,0.0155281201004982,0.2,0.0003,2330,0.020612333,0.8664683252573013,0.018155783414840698,6.715089872479439,0.223779296875,0.010486753323493758
24,19726,481280,235,2000.0,-0.86443099,0.00034080031386238827,0.01563955284655094,0.2,0.0003,2340,0.05258552,0.9536423124372959,0.032750099897384644,6.729106652736664,0.226513671875,0.01839208332967246
24,19811,483328,236,2000.0,-0.85685652,0.00014042686316173558,0.01557958498597145,0.2,0.0003,2350,0.022503138,-0.14625990390777588,-0.006257489323616028,6.737902054190636,0.243408203125,0.005805572658937308
24,19896,485376,237,2000.0,-0.84135628,1.1662881152574301e-05,0.015520678833127022,0.2,0.0003,2360,0.013582955,0.9632580764591694,-0.011651948094367981,6.763487645983696,0.150830078125,0.006009179099783069
24,19980,487424,238,2000.0,-0.85737567,0.006175711345449031,0.015281056985259056,0.2,0.0003,2370,0.07763294,0.6925154328346252,0.02553783543407917,6.783226263523102,0.29111328125,-0.002454932010732591
24,20067,489472,239,2000.0,-0.8511636800000001,0.00015726422498687497,0.015125504694879055,0.2,0.0003,2380,0.03214418,0.3262077569961548,0.04860387742519379,6.81165179014206,0.21357421875,0.007575618815462803
24,20153,491520,240,2000.0,-0.8564642100000001,5.17040766055743e-05,0.015116293914616108,0.2,0.0003,2390,0.013268454,0.9127087295055389,-0.0161710437387228,6.82719673961401,0.2041015625,0.008480988288647495
24,20240,493568,241,2000.0,-0.8643233300000002,0.00033548137378289764,0.01500310655683279,0.2,0.0003,2400,0.02536056,0.9049740508198738,-0.018654651939868927,6.828833185136318,0.228662109375,0.004466005161521025
24,20326,495616,242,2000.0,-0.8727644200000002,0.0010665662305001434,0.014834705740213394,0.2,0.0003,2410,0.048010945,0.8965016677975655,0.022645656019449234,6.826482716202736,0.274560546875,0.016630301142140525
24,20412,497664,243,2000.0,-0.8704094600000001,0.0001346533270734085,0.014555796049535275,0.2,0.0003,2420,0.028078113,0.8113048672676086,-0.015881938859820366,6.844315409660339,0.257470703125,0.011141632807266433
24,20496,499712,244,2000.0,-0.8606957100000001,0.00018932683119601278,0.01428176835179329,0.2,0.0003,2430,0.014547796,-0.5050638914108276,-0.016309630125761032,6.884142844378948,0.183740234375,0.00584562035946874
24,20581,501760,245,2000.0,-0.8659021100000001,0.003811563205962898,0.014298267662525177,0.2,0.0003,2440,0.119960055,0.6681076288223267,-0.018222205340862274,6.902374871075153,0.2830078125,0.01971988948134822
