time_s,x_m,y_m,vx_m_s,vy_m_s
0.000000,0.000000,0.000000,0.000000,0.000000
0.000000,-1.500000,1.000000,0.000000,0.000000
0.000000,-1.500000,1.000000,0.000000,0.000000
0.000100,-1.499975,0.999983,0.024958,-0.016644
0.000600,-1.499975,0.999983,0.024958,-0.016644
0.001000,-1.499975,0.999983,0.024958,-0.016644
0.002000,-1.499925,0.999950,0.049576,-0.033062
0.003000,-1.499852,0.999901,0.073859,-0.049255
0.004000,-1.499754,0.999836,0.097809,-0.065224
0.005000,-1.499632,0.999755,0.121429,-0.080972
0.006000,-1.499488,0.999658,0.144723,-0.096501
0.007000,-1.499320,0.999547,0.167692,-0.111810
0.008000,-1.499130,0.999420,0.190341,-0.126903
0.009000,-1.498917,0.999278,0.212672,-0.141781
0.010000,-1.498682,0.999121,0.234688,-0.156444
0.011000,-1.498426,0.998951,0.256392,-0.170896
0.012000,-1.498148,0.998765,0.277786,-0.185137
0.013000,-1.497849,0.998566,0.298875,-0.199170
0.014000,-1.497530,0.998353,0.319659,-0.212995
0.015000,-1.497189,0.998127,0.340143,-0.226614
0.015625,-1.496829,0.997887,0.360329,-0.240029
0.016000,-1.496829,0.997887,0.360329,-0.240029
0.017000,-1.496449,0.997633,0.380220,-0.253242
0.018000,-1.496049,0.997367,0.399819,-0.266254
0.019000,-1.495630,0.997088,0.419128,-0.279067
0.020000,-1.495192,0.996796,0.438150,-0.291683
0.021000,-1.494735,0.996492,0.456887,-0.304102
0.022000,-1.494260,0.996176,0.475343,-0.316327
0.023000,-1.493766,0.995848,0.493521,-0.328359
0.024000,-1.493255,0.995507,0.511421,-0.340199
0.025000,-1.492726,0.995155,0.529049,-0.351851
0.026000,-1.492179,0.994792,0.546405,-0.363314
0.027000,-1.491616,0.994418,0.563493,-0.374591
0.028000,-1.491035,0.994032,0.580314,-0.385683
0.029000,-1.490438,0.993635,0.596873,-0.396591
0.030000,-1.489825,0.993228,0.613170,-0.407319
0.031000,-1.489196,0.992810,0.629209,-0.417866
0.031250,-1.488551,0.992382,0.644993,-0.428234
0.032000,-1.488551,0.992382,0.644993,-0.428234
0.033000,-1.487891,0.991943,0.660522,-0.438426
0.034000,-1.487215,0.991495,0.675801,-0.448442
0.035000,-1.486524,0.991037,0.690832,-0.458284
0.036000,-1.485818,0.990569,0.705616,-0.467954
0.037000,-1.485098,0.990091,0.720156,-0.477454
0.038000,-1.484364,0.989605,0.734455,-0.486784
0.039000,-1.483615,0.989109,0.748515,-0.495946
0.040000,-1.482853,0.988604,0.762338,-0.504943
0.041000,-1.482077,0.988090,0.775927,-0.513775
0.042000,-1.481288,0.987567,0.789284,-0.522443
0.043000,-1.480485,0.987036,0.802411,-0.530950
0.044000,-1.479670,0.986497,0.815311,-0.539297
0.045000,-1.478842,0.985950,0.827985,-0.547486
0.046000,-1.478001,0.985394,0.840436,-0.555517
0.046875,-1.477149,0.984831,0.852667,-0.563393
0.047000,-1.477149,0.984831,0.852667,-0.563393
0.048000,-1.476284,0.984260,0.864679,-0.571115
0.049000,-1.475408,0.983681,0.876474,-0.578684
0.050000,-1.474520,0.983095,0.888056,-0.586102
0.051000,-1.473620,0.982502,0.899425,-0.593370
0.052000,-1.472710,0.981901,0.910584,-0.600489
0.053000,-1.471788,0.981294,0.921536,-0.607462
0.054000,-1.470856,0.980679,0.932282,-0.614290
0.055000,-1.469913,0.980058,0.942824,-0.620973
0.056000,-1.468960,0.979431,0.953165,-0.627514
0.057000,-1.467996,0.978797,0.963306,-0.633914
0.058000,-1.467023,0.978157,0.973250,-0.640173
0.059000,-1.466040,0.977510,0.982999,-0.646295
0.060000,-1.465048,0.976858,0.992554,-0.652279
0.061000,-1.464046,0.976200,1.001918,-0.658128
0.062000,-1.463035,0.975536,1.011093,-0.663843
0.062500,-1.462015,0.974867,1.020080,-0.669425
0.063000,-1.462015,0.974867,1.020080,-0.669425
0.064000,-1.460986,0.974192,1.028882,-0.674875
0.065000,-1.459948,0.973512,1.037501,-0.680195
0.066000,-1.458902,0.972826,1.045938,-0.685386
0.067000,-1.457848,0.972136,1.054195,-0.690450
0.068000,-1.456786,0.971440,1.062275,-0.695387
0.069000,-1.455716,0.970740,1.070178,-0.700200
0.070000,-1.454638,0.970035,1.077908,-0.704889
0.071000,-1.453552,0.969326,1.085466,-0.709456
0.072000,-1.452459,0.968612,1.092854,-0.713902
0.073000,-1.451359,0.967894,1.100073,-0.718228
0.074000,-1.450252,0.967171,1.107126,-0.722436
0.075000,-1.449138,0.966445,1.114014,-0.726526
0.076000,-1.448017,0.965714,1.120739,-0.730501
0.077000,-1.446890,0.964980,1.127303,-0.734361
0.078000,-1.445756,0.964242,1.133707,-0.738108
0.078125,-1.444616,0.963500,1.139954,-0.741743
0.079000,-1.444616,0.963500,1.139954,-0.741743
0.080000,-1.443470,0.962755,1.146045,-0.745267
0.081000,-1.442318,0.962006,1.151982,-0.748681
0.082000,-1.441161,0.961254,1.157766,-0.751986
0.083000,-1.439997,0.960499,1.163400,-0.755185
0.084000,-1.438828,0.959741,1.168885,-0.758277
0.085000,-1.437654,0.958979,1.174222,-0.761264
0.086000,-1.436475,0.958215,1.179414,-0.764148
0.087000,-1.435290,0.957448,1.184461,-0.766929
0.088000,-1.434101,0.956679,1.189367,-0.769609
0.089000,-1.432907,0.955907,1.194131,-0.772188
0.090000,-1.431708,0.955132,1.198757,-0.774669
0.091000,-1.430505,0.954355,1.203244,-0.777052
0.092000,-1.429297,0.953575,1.207596,-0.779337
0.093000,-1.428085,0.952794,1.211814,-0.781528
0.093750,-1.426869,0.952010,1.215899,-0.783623
0.094000,-1.426869,0.952010,1.215899,-0.783623
0.095000,-1.425650,0.951225,1.219852,-0.785625
0.096000,-1.424426,0.950437,1.223676,-0.787535
0.097000,-1.423199,0.949648,1.227372,-0.789354
0.098000,-1.421968,0.948857,1.230941,-0.791082
0.099000,-1.420733,0.948064,1.234385,-0.792722
0.100000,-1.419496,0.947270,1.237705,-0.794273
0.101000,-1.418255,0.946474,1.240904,-0.795738
0.102000,-1.417011,0.945677,1.243981,-0.797116
0.103000,-1.415764,0.944878,1.246940,-0.798410
0.104000,-1.414514,0.944079,1.249781,-0.799620
0.105000,-1.413261,0.943278,1.252505,-0.800747
0.106000,-1.412006,0.942476,1.255115,-0.801793
0.107000,-1.410749,0.941674,1.257611,-0.802757
0.108000,-1.409489,0.940870,1.259995,-0.803642
0.109000,-1.408226,0.940065,1.262268,-0.804448
0.109375,-1.406962,0.939260,1.264432,-0.805177
0.110000,-1.406962,0.939260,1.264432,-0.805177
0.111000,-1.405696,0.938454,1.266489,-0.805828
0.112000,-1.404427,0.937648,1.268438,-0.806404
0.113000,-1.403157,0.936841,1.270283,-0.806905
0.114000,-1.401885,0.936034,1.272024,-0.807333
0.115000,-1.400611,0.935226,1.273662,-0.807687
0.116000,-1.399336,0.934418,1.275199,-0.807969
0.117000,-1.398059,0.933610,1.276636,-0.808181
0.118000,-1.396781,0.932802,1.277974,-0.808322
0.119000,-1.395502,0.931993,1.279215,-0.808394
0.120000,-1.394222,0.931185,1.280360,-0.808398
0.121000,-1.392940,0.930377,1.281411,-0.808334
0.122000,-1.391658,0.929568,1.282367,-0.808204
0.123000,-1.390375,0.928760,1.283232,-0.808008
0.124000,-1.389091,0.927953,1.284005,-0.807748
0.125000,-1.387806,0.927145,1.284689,-0.807424
0.126000,-1.386521,0.926338,1.285283,-0.807037
0.127000,-1.385235,0.925532,1.285791,-0.806588
0.128000,-1.383949,0.924725,1.286212,-0.806077
0.129000,-1.382662,0.923920,1.286548,-0.805507
0.130000,-1.381375,0.923115,1.286800,-0.804876
0.131000,-1.380088,0.922311,1.286969,-0.804187
0.132000,-1.378801,0.921507,1.287057,-0.803440
0.133000,-1.377514,0.920705,1.287064,-0.802636
0.134000,-1.376227,0.919903,1.286992,-0.801776
0.135000,-1.374940,0.919102,1.286841,-0.800860
0.136000,-1.373654,0.918302,1.286613,-0.799890
0.137000,-1.372368,0.917503,1.286309,-0.798866
0.138000,-1.371082,0.916706,1.285931,-0.797788
0.139000,-1.369796,0.915909,1.285478,-0.796659
0.140000,-1.368511,0.915114,1.284952,-0.795477
0.140625,-1.367227,0.914319,1.284355,-0.794245
0.141000,-1.367227,0.914319,1.284355,-0.794245
0.142000,-1.365943,0.913526,1.283687,-0.792963
0.143000,-1.364660,0.912735,1.282949,-0.791632
0.144000,-1.363378,0.911944,1.282142,-0.790252
0.145000,-1.362097,0.911156,1.281268,-0.788824
0.146000,-1.360816,0.910368,1.280327,-0.787349
0.147000,-1.359537,0.909582,1.279320,-0.785828
0.148000,-1.358259,0.908798,1.278249,-0.784261
0.149000,-1.356982,0.908016,1.277113,-0.782648
0.150000,-1.355706,0.907235,1.275915,-0.780992
0.151000,-1.354431,0.906455,1.274655,-0.779292
0.152000,-1.353158,0.905678,1.273335,-0.777549
0.153000,-1.351886,0.904902,1.271954,-0.775764
0.154000,-1.350615,0.904128,1.270514,-0.773938
0.155000,-1.349346,0.903356,1.269016,-0.772070
0.156000,-1.348079,0.902586,1.267461,-0.770162
0.156250,-1.346813,0.901818,1.265850,-0.768215
0.157000,-1.346813,0.901818,1.265850,-0.768215
0.158000,-1.345549,0.901051,1.264183,-0.766228
0.159000,-1.344286,0.900287,1.262462,-0.764204
0.160000,-1.343026,0.899525,1.260687,-0.762141
0.161000,-1.341767,0.898765,1.258859,-0.760042
0.162000,-1.340510,0.898007,1.256979,-0.757906
0.163000,-1.339255,0.897251,1.255049,-0.755734
0.164000,-1.338002,0.896498,1.253067,-0.753527
0.165000,-1.336751,0.895746,1.251037,-0.751285
0.166000,-1.335502,0.894997,1.248958,-0.749010
0.167000,-1.334255,0.894251,1.246831,-0.746701
0.168000,-1.333010,0.893506,1.244657,-0.744359
0.169000,-1.331768,0.892764,1.242436,-0.741984
0.170000,-1.330528,0.892025,1.240171,-0.739578
0.171000,-1.329290,0.891288,1.237860,-0.737141
0.171875,-1.328054,0.890553,1.235506,-0.734673
0.172000,-1.328054,0.890553,1.235506,-0.734673
0.173000,-1.326821,0.889821,1.233109,-0.732175
0.174000,-1.325591,0.889091,1.230669,-0.729648
0.175000,-1.324362,0.888364,1.228187,-0.727092
0.176000,-1.323137,0.887640,1.225665,-0.724507
0.177000,-1.321914,0.886918,1.223102,-0.721894
0.178000,-1.320693,0.886198,1.220500,-0.719254
0.179000,-1.319475,0.885482,1.217859,-0.716587
0.180000,-1.318260,0.884768,1.215181,-0.713894
0.181000,-1.317048,0.884057,1.212464,-0.711175
0.182000,-1.315838,0.883348,1.209711,-0.708430
0.183000,-1.314631,0.882643,1.206922,-0.705661
0.184000,-1.313427,0.881940,1.204098,-0.702867
0.185000,-1.312226,0.881240,1.201239,-0.700049
0.186000,-1.311027,0.880543,1.198346,-0.697208
0.187000,-1.309832,0.879848,1.195420,-0.694344
0.187500,-1.308639,0.879157,1.192461,-0.691458
0.188000,-1.308639,0.879157,1.192461,-0.691458
0.189000,-1.307450,0.878468,1.189470,-0.688549
0.190000,-1.306264,0.877783,1.186447,-0.685619
0.191000,-1.305080,0.877100,1.183394,-0.682668
0.192000,-1.303900,0.876420,1.180310,-0.679696
0.193000,-1.302723,0.875744,1.177197,-0.676704
0.194000,-1.301549,0.875070,1.174055,-0.673692
0.195000,-1.300378,0.874399,1.170884,-0.670661
0.196000,-1.299210,0.873732,1.167686,-0.667611
0.197000,-1.298046,0.873067,1.164460,-0.664542
0.198000,-1.296884,0.872406,1.161207,-0.661455
0.199000,-1.295726,0.871747,1.157929,-0.658351
0.200000,-1.294572,0.871092,1.154624,-0.655229
0.201000,-1.293420,0.870440,1.151295,-0.652091
0.202000,-1.292273,0.869791,1.147941,-0.648936
0.203000,-1.291128,0.869145,1.144564,-0.645765
0.203125,-1.289987,0.868503,1.141162,-0.642578
0.204000,-1.289987,0.868503,1.141162,-0.642578
0.205000,-1.288849,0.867863,1.137738,-0.639376
0.206000,-1.287715,0.867227,1.134292,-0.636160
0.207000,-1.286584,0.866594,1.130824,-0.632928
0.208000,-1.285457,0.865964,1.127334,-0.629683
0.209000,-1.284333,0.865338,1.123823,-0.626423
0.210000,-1.283212,0.864715,1.120293,-0.623151
0.211000,-1.282096,0.864095,1.116742,-0.619865
0.212000,-1.280983,0.863478,1.113172,-0.616566
0.213000,-1.279873,0.862865,1.109583,-0.613255
0.214000,-1.278767,0.862255,1.105975,-0.609932
0.215000,-1.277665,0.861649,1.102349,-0.606598
0.216000,-1.276566,0.861045,1.098706,-0.603252
0.217000,-1.275471,0.860446,1.095046,-0.599895
0.218000,-1.274380,0.859849,1.091369,-0.596527
0.218750,-1.273292,0.859256,1.087676,-0.593149
0.219000,-1.273292,0.859256,1.087676,-0.593149
0.220000,-1.272208,0.858666,1.083968,-0.589761
0.221000,-1.271128,0.858080,1.080244,-0.586363
0.222000,-1.270051,0.857497,1.076505,-0.582956
0.223000,-1.268978,0.856917,1.072751,-0.579540
0.224000,-1.267909,0.856341,1.068984,-0.576115
0.225000,-1.266844,0.855768,1.065202,-0.572681
0.226000,-1.265783,0.855199,1.061408,-0.569240
0.227000,-1.264725,0.854633,1.057601,-0.565790
0.228000,-1.263671,0.854071,1.053781,-0.562333
0.229000,-1.262621,0.853512,1.049949,-0.558868
0.230000,-1.261575,0.852957,1.046105,-0.555397
0.231000,-1.260533,0.852405,1.042250,-0.551919
0.232000,-1.259495,0.851856,1.038385,-0.548434
0.233000,-1.258460,0.851312,1.034508,-0.544943
0.234000,-1.257430,0.850770,1.030622,-0.541446
0.234375,-1.256403,0.850232,1.026725,-0.537944
0.235000,-1.256403,0.850232,1.026725,-0.537944
0.236000,-1.255380,0.849698,1.022819,-0.534436
0.237000,-1.254361,0.849167,1.018904,-0.530923
0.238000,-1.253346,0.848639,1.014980,-0.527405
0.239000,-1.252335,0.848115,1.011048,-0.523882
0.240000,-1.251328,0.847595,1.007107,-0.520356
0.241000,-1.250325,0.847078,1.003159,-0.516825
0.242000,-1.249326,0.846565,0.999203,-0.513290
0.243000,-1.248330,0.846055,0.995240,-0.509751
0.244000,-1.247339,0.845549,0.991270,-0.506209
0.245000,-1.246352,0.845046,0.987294,-0.502664
0.246000,-1.245369,0.844547,0.983311,-0.499116
0.247000,-1.244389,0.844052,0.979323,-0.495566
0.248000,-1.243414,0.843560,0.975329,-0.492013
0.249000,-1.242443,0.843071,0.971329,-0.488457
0.250000,-1.241475,0.842586,0.967325,-0.484900
0.251000,-1.240512,0.842105,0.963316,-0.481341
0.252000,-1.239553,0.841627,0.959302,-0.477780
0.253000,-1.238597,0.841153,0.955285,-0.474218
0.254000,-1.237646,0.840682,0.951263,-0.470654
0.255000,-1.236699,0.840215,0.947238,-0.467090
0.256000,-1.235756,0.839752,0.943210,-0.463525
0.257000,-1.234816,0.839292,0.939178,-0.459959
0.258000,-1.233881,0.838835,0.935144,-0.456393
0.259000,-1.232950,0.838383,0.931107,-0.452827
0.260000,-1.232023,0.837933,0.927068,-0.449261
0.261000,-1.231100,0.837488,0.923027,-0.445695
0.262000,-1.230181,0.837045,0.918984,-0.442130
0.263000,-1.229266,0.836607,0.914939,-0.438565
0.264000,-1.228355,0.836172,0.910894,-0.435001
0.265000,-1.227448,0.835740,0.906847,-0.431438
0.265625,-1.226546,0.835313,0.902799,-0.427876
0.266000,-1.226546,0.835313,0.902799,-0.427876
0.267000,-1.225647,0.834888,0.898751,-0.424315
0.268000,-1.224752,0.834468,0.894703,-0.420756
0.269000,-1.223862,0.834050,0.890654,-0.417199
0.270000,-1.222975,0.833637,0.886605,-0.413643
0.271000,-1.222092,0.833227,0.882557,-0.410089
0.272000,-1.221214,0.832820,0.878509,-0.406538
0.273000,-1.220339,0.832417,0.874462,-0.402989
0.274000,-1.219469,0.832018,0.870416,-0.399442
0.275000,-1.218603,0.831622,0.866372,-0.395898
0.276000,-1.217740,0.831229,0.862328,-0.392357
0.277000,-1.216882,0.830841,0.858286,-0.388819
0.278000,-1.216028,0.830455,0.854246,-0.385284
0.279000,-1.215178,0.830073,0.850208,-0.381752
0.280000,-1.214331,0.829695,0.846172,-0.378224
0.281000,-1.213489,0.829321,0.842138,-0.374699
0.281250,-1.212651,0.828949,0.838107,-0.371178
0.282000,-1.212651,0.828949,0.838107,-0.371178
0.283000,-1.211817,0.828582,0.834079,-0.367661
0.284000,-1.210987,0.828218,0.830054,-0.364147
0.285000,-1.210161,0.827857,0.826031,-0.360638
0.286000,-1.209339,0.827500,0.822012,-0.357133
0.287000,-1.208521,0.827146,0.817997,-0.353633
0.288000,-1.207707,0.826796,0.813985,-0.350137
0.289000,-1.206897,0.826449,0.809976,-0.346646
0.290000,-1.206091,0.826106,0.805972,-0.343159
0.291000,-1.205289,0.825767,0.801972,-0.339678
0.292000,-1.204491,0.825430,0.797976,-0.336201
0.293000,-1.203697,0.825098,0.793985,-0.332730
0.294000,-1.202907,0.824768,0.789998,-0.329264
0.295000,-1.202121,0.824443,0.786016,-0.325803
0.296000,-1.201339,0.824120,0.782039,-0.322348
0.296875,-1.200561,0.823801,0.778067,-0.318898
0.297000,-1.200561,0.823801,0.778067,-0.318898
0.298000,-1.199787,0.823486,0.774100,-0.315455
0.299000,-1.199017,0.823174,0.770139,-0.312017
0.300000,-1.198251,0.822865,0.766183,-0.308585
0.301000,-1.197488,0.822560,0.762232,-0.305159
0.302000,-1.196730,0.822258,0.758288,-0.301740
0.303000,-1.195976,0.821960,0.754349,-0.298327
0.304000,-1.195225,0.821665,0.750417,-0.294920
0.305000,-1.194479,0.821374,0.746490,-0.291520
0.306000,-1.193736,0.821085,0.742570,-0.288126
0.307000,-1.192998,0.820801,0.738657,-0.284739
0.308000,-1.192263,0.820519,0.734750,-0.281359
0.309000,-1.191532,0.820241,0.730850,-0.277986
0.310000,-1.190805,0.819967,0.726957,-0.274620
0.311000,-1.190082,0.819696,0.723070,-0.271261
0.312000,-1.189363,0.819428,0.719191,-0.267909
0.312500,-1.188647,0.819163,0.715319,-0.264565
0.313000,-1.188647,0.819163,0.715319,-0.264565
0.314000,-1.187936,0.818902,0.711454,-0.261228
0.315000,-1.187228,0.818644,0.707597,-0.257899
0.316000,-1.186525,0.818389,0.703747,-0.254577
0.317000,-1.185825,0.818138,0.699905,-0.251262
0.318000,-1.185129,0.817890,0.696071,-0.247956
0.319000,-1.184436,0.817645,0.692245,-0.244657
0.320000,-1.183748,0.817404,0.688427,-0.241367
0.321000,-1.183063,0.817166,0.684616,-0.238084
0.322000,-1.182383,0.816931,0.680815,-0.234809
0.323000,-1.181706,0.816700,0.677021,-0.231543
0.324000,-1.181032,0.816471,0.673236,-0.228285
0.325000,-1.180363,0.816246,0.669459,-0.225035
0.326000,-1.179697,0.816025,0.665691,-0.221794
0.327000,-1.179035,0.815806,0.661932,-0.218561
0.328000,-1.178377,0.815591,0.658181,-0.215336
0.328125,-1.177723,0.815379,0.654440,-0.212120
0.329000,-1.177723,0.815379,0.654440,-0.212120
0.330000,-1.177072,0.815170,0.650707,-0.208913
0.331000,-1.176425,0.814964,0.646983,-0.205715
0.332000,-1.175782,0.814761,0.643269,-0.202526
0.333000,-1.175142,0.814562,0.639564,-0.199345
0.334000,-1.174506,0.814366,0.635868,-0.196174
0.335000,-1.173874,0.814173,0.632182,-0.193011
0.336000,-1.173245,0.813983,0.628506,-0.189858
0.337000,-1.172621,0.813796,0.624838,-0.186713
0.338000,-1.171999,0.813613,0.621181,-0.183578
0.339000,-1.171382,0.813432,0.617534,-0.180453
0.340000,-1.170768,0.813255,0.613896,-0.177336
0.341000,-1.170158,0.813081,0.610268,-0.174230
0.342000,-1.169551,0.812910,0.606650,-0.171132
0.343000,-1.168948,0.812741,0.603043,-0.168044
0.343750,-1.168349,0.812577,0.599445,-0.164966
0.344000,-1.168349,0.812577,0.599445,-0.164966
0.345000,-1.167753,0.812415,0.595858,-0.161897
0.346000,-1.167160,0.812256,0.592281,-0.158839
0.347000,-1.166572,0.812100,0.588715,-0.155789
0.348000,-1.165987,0.811947,0.585158,-0.152750
0.349000,-1.165405,0.811798,0.581613,-0.149721
0.350000,-1.164827,0.811651,0.578078,-0.146701
0.351000,-1.164252,0.811507,0.574554,-0.143692
0.352000,-1.163681,0.811366,0.571040,-0.140692
0.353000,-1.163114,0.811229,0.567538,-0.137703
0.354000,-1.162550,0.811094,0.564046,-0.134723
0.355000,-1.161989,0.810962,0.560565,-0.131754
0.356000,-1.161432,0.810833,0.557095,-0.128795
0.357000,-1.160878,0.810708,0.553636,-0.125847
0.358000,-1.160328,0.810585,0.550188,-0.122908
0.359000,-1.159782,0.810465,0.546751,-0.119980
0.359375,-1.159238,0.810348,0.543326,-0.117063
0.360000,-1.159238,0.810348,0.543326,-0.117063
0.361000,-1.158698,0.810234,0.539912,-0.114156
0.362000,-1.158162,0.810122,0.536509,-0.111259
0.363000,-1.157629,0.810014,0.533118,-0.108373
0.364000,-1.157099,0.809908,0.529738,-0.105497
0.365000,-1.156573,0.809806,0.526370,-0.102632
0.366000,-1.156050,0.809706,0.523013,-0.099778
0.367000,-1.155530,0.809609,0.519668,-0.096935
0.368000,-1.155014,0.809515,0.516334,-0.094102
0.369000,-1.154501,0.809424,0.513012,-0.091280
0.370000,-1.153991,0.809335,0.509702,-0.088468
0.371000,-1.153484,0.809250,0.506404,-0.085668
0.372000,-1.152981,0.809167,0.503118,-0.082878
0.373000,-1.152481,0.809087,0.499843,-0.080099
0.374000,-1.151985,0.809009,0.496581,-0.077332
0.375000,-1.151492,0.808935,0.493330,-0.074575
0.376000,-1.151001,0.808863,0.490092,-0.071829
0.377000,-1.150515,0.808794,0.486865,-0.069094
0.378000,-1.150031,0.808727,0.483651,-0.066370
0.379000,-1.149550,0.808664,0.480449,-0.063658
0.380000,-1.149073,0.808603,0.477259,-0.060956
0.381000,-1.148599,0.808544,0.474082,-0.058266
0.382000,-1.148128,0.808489,0.470917,-0.055587
0.383000,-1.147660,0.808436,0.467764,-0.052919
0.384000,-1.147196,0.808386,0.464623,-0.050262
0.385000,-1.146734,0.808338,0.461495,-0.047616
0.386000,-1.146276,0.808293,0.458380,-0.044982
0.387000,-1.145821,0.808251,0.455276,-0.042359
0.388000,-1.145369,0.808211,0.452186,-0.039748
0.389000,-1.144919,0.808174,0.449108,-0.037147
0.390000,-1.144473,0.808139,0.446042,-0.034559
0.390625,-1.144030,0.808107,0.442990,-0.031981
0.391000,-1.144030,0.808107,0.442990,-0.031981
0.392000,-1.143590,0.808078,0.439950,-0.029415
0.393000,-1.143153,0.808051,0.436922,-0.026861
0.394000,-1.142720,0.808027,0.433908,-0.024317
0.395000,-1.142289,0.808005,0.430906,-0.021786
0.396000,-1.141861,0.807986,0.427917,-0.019266
0.397000,-1.141436,0.807969,0.424940,-0.016757
0.398000,-1.141014,0.807955,0.421977,-0.014260
0.399000,-1.140595,0.807943,0.419027,-0.011775
0.400000,-1.140179,0.807934,0.416089,-0.009301
0.401000,-1.139766,0.807927,0.413165,-0.006838
0.402000,-1.139355,0.807922,0.410253,-0.004388
0.403000,-1.138948,0.807920,0.407354,-0.001949
0.404000,-1.138543,0.807921,0.404469,0.000479
0.405000,-1.138142,0.807924,0.401596,0.002894
0.406000,-1.137743,0.807929,0.398737,0.005298
0.406250,-1.137347,0.807937,0.395891,0.007691
0.407000,-1.137347,0.807937,0.395891,0.007691
0.408000,-1.136954,0.807947,0.393058,0.010072
0.409000,-1.136564,0.807959,0.390238,0.012441
0.410000,-1.136177,0.807974,0.387431,0.014798
0.411000,-1.135792,0.807991,0.384637,0.017143
0.412000,-1.135410,0.808011,0.381857,0.019477
0.413000,-1.135031,0.808032,0.379090,0.021799
0.414000,-1.134655,0.808057,0.376336,0.024109
0.415000,-1.134281,0.808083,0.373595,0.026408
0.416000,-1.133910,0.808112,0.370868,0.028694
0.417000,-1.133542,0.808143,0.368154,0.030969
0.418000,-1.133177,0.808176,0.365454,0.033232
0.419000,-1.132814,0.808211,0.362767,0.035483
0.420000,-1.132454,0.808249,0.360093,0.037723
0.421000,-1.132096,0.808289,0.357432,0.039950
0.421875,-1.131741,0.808331,0.354785,0.042166
0.422000,-1.131741,0.808331,0.354785,0.042166
0.423000,-1.131389,0.808376,0.352152,0.044370
0.424000,-1.131040,0.808422,0.349532,0.046562
0.425000,-1.130693,0.808471,0.346925,0.048742
0.426000,-1.130349,0.808522,0.344332,0.050911
0.427000,-1.130007,0.808575,0.341753,0.053067
0.428000,-1.129668,0.808630,0.339187,0.055212
0.429000,-1.129331,0.808687,0.336634,0.057344
0.430000,-1.128997,0.808747,0.334095,0.059465
0.431000,-1.128665,0.808808,0.331570,0.061574
0.432000,-1.128336,0.808872,0.329058,0.063671
0.433000,-1.128010,0.808938,0.326559,0.065757
0.434000,-1.127686,0.809006,0.324075,0.067830
0.435000,-1.127364,0.809076,0.321603,0.069892
0.436000,-1.127045,0.809148,0.319146,0.071941
0.437000,-1.126728,0.809222,0.316702,0.073979
0.437500,-1.126414,0.809298,0.314272,0.076005
0.438000,-1.126414,0.809298,0.314272,0.076005
0.439000,-1.126102,0.809376,0.311855,0.078019
0.440000,-1.125793,0.809456,0.309452,0.080021
0.441000,-1.125486,0.809538,0.307063,0.082011
0.442000,-1.125181,0.809622,0.304687,0.083989
0.443000,-1.124878,0.809708,0.302325,0.085956
0.444000,-1.124579,0.809795,0.299977,0.087911
0.445000,-1.124281,0.809885,0.297642,0.089853
0.446000,-1.123986,0.809977,0.295321,0.091784
0.447000,-1.123693,0.810071,0.293014,0.093703
0.448000,-1.123402,0.810166,0.290720,0.095611
0.449000,-1.123113,0.810264,0.288440,0.097506
0.450000,-1.122827,0.810363,0.286174,0.099389
0.451000,-1.122543,0.810465,0.283921,0.101261
0.452000,-1.122262,0.810568,0.281682,0.103121
0.453000,-1.121982,0.810673,0.279457,0.104969
0.453125,-1.121705,0.810779,0.277246,0.106805
0.454000,-1.121705,0.810779,0.277246,0.106805
0.455000,-1.121430,0.810888,0.275048,0.108630
0.456000,-1.121157,0.810999,0.272864,0.110443
0.457000,-1.120886,0.811111,0.270694,0.112243
0.458000,-1.120618,0.811225,0.268537,0.114033
0.459000,-1.120351,0.811341,0.266394,0.115810
0.460000,-1.120087,0.811458,0.264265,0.117575
0.461000,-1.119825,0.811578,0.262150,0.119329
0.462000,-1.119565,0.811699,0.260048,0.121071
0.463000,-1.119307,0.811821,0.257960,0.122802
0.464000,-1.119051,0.811946,0.255885,0.124520
0.465000,-1.118797,0.812072,0.253825,0.126227
0.466000,-1.118545,0.812200,0.251778,0.127923
0.467000,-1.118296,0.812330,0.249744,0.129606
0.468000,-1.118048,0.812461,0.247725,0.131278
0.468750,-1.117802,0.812594,0.245719,0.132938
0.469000,-1.117802,0.812594,0.245719,0.132938
0.470000,-1.117559,0.812728,0.243726,0.134587
0.471000,-1.117317,0.812865,0.241748,0.136224
0.472000,-1.117077,0.813003,0.239783,0.137850
0.473000,-1.116839,0.813142,0.237831,0.139463
0.474000,-1.116603,0.813283,0.235893,0.141066
0.475000,-1.116369,0.813426,0.233969,0.142656
0.476000,-1.116137,0.813570,0.232059,0.144235
0.477000,-1.115907,0.813716,0.230162,0.145803
0.478000,-1.115679,0.813863,0.228279,0.147359
0.479000,-1.115452,0.814012,0.226409,0.148904
0.480000,-1.115228,0.814162,0.224553,0.150437
0.481000,-1.115005,0.814314,0.222710,0.151958
0.482000,-1.114784,0.814468,0.220881,0.153468
0.483000,-1.114565,0.814623,0.219066,0.154967
0.484000,-1.114348,0.814779,0.217264,0.156454
0.484375,-1.114132,0.814937,0.215475,0.157930
0.485000,-1.114132,0.814937,0.215475,0.157930
0.486000,-1.113919,0.815097,0.213700,0.159395
0.487000,-1.113707,0.815257,0.211939,0.160848
0.488000,-1.113497,0.815420,0.210191,0.162290
0.489000,-1.113288,0.815583,0.208456,0.163721
0.490000,-1.113081,0.815749,0.206735,0.165140
0.491000,-1.112876,0.815915,0.205028,0.166548
0.492000,-1.112673,0.816083,0.203333,0.167945
0.493000,-1.112471,0.816252,0.201653,0.169330
0.494000,-1.112271,0.816423,0.199985,0.170704
0.495000,-1.112073,0.816595,0.198331,0.172068
0.496000,-1.111876,0.816769,0.196690,0.173420
0.497000,-1.111681,0.816943,0.195063,0.174760
0.498000,-1.111488,0.817120,0.193449,0.176090
0.499000,-1.111296,0.817297,0.191848,0.177409
0.500000,-1.111106,0.817476,0.190260,0.178716
0.501000,-1.110917,0.817656,0.188686,0.180013
0.502000,-1.110730,0.817837,0.187125,0.181298
0.503000,-1.110544,0.818020,0.185577,0.182573
0.504000,-1.110360,0.818203,0.184042,0.183836
0.505000,-1.110178,0.818388,0.182521,0.185089
0.506000,-1.109997,0.818575,0.181012,0.186330
0.507000,-1.109817,0.818762,0.179517,0.187561
0.508000,-1.109639,0.818951,0.178035,0.188781
0.509000,-1.109463,0.819141,0.176566,0.189990
0.510000,-1.109288,0.819332,0.175110,0.191188
0.511000,-1.109114,0.819525,0.173666,0.192376
0.512000,-1.108942,0.819718,0.172236,0.193552
0.513000,-1.108771,0.819913,0.170819,0.194718
0.514000,-1.108601,0.820109,0.169415,0.195874
0.515000,-1.108433,0.820306,0.168024,0.197018
0.515625,-1.108267,0.820504,0.166645,0.198152
0.516000,-1.108267,0.820504,0.166645,0.198152
0.517000,-1.108102,0.820703,0.165280,0.199275
0.518000,-1.107938,0.820904,0.163927,0.200388
0.519000,-1.107775,0.821105,0.162587,0.201490
0.520000,-1.107614,0.821308,0.161260,0.202582
0.521000,-1.107454,0.821511,0.159946,0.203663
0.522000,-1.107295,0.821716,0.158644,0.204734
0.523000,-1.107138,0.821922,0.157356,0.205794
0.524000,-1.106982,0.822129,0.156079,0.206844
0.525000,-1.106827,0.822337,0.154816,0.207883
0.526000,-1.106673,0.822546,0.153565,0.208912
0.527000,-1.106521,0.822755,0.152326,0.209931
0.528000,-1.106370,0.822966,0.151100,0.210939
0.529000,-1.106220,0.823178,0.149887,0.211937
0.530000,-1.106071,0.823391,0.148686,0.212925
0.531000,-1.105924,0.823605,0.147498,0.213903
0.531250,-1.105778,0.823820,0.146321,0.214871
0.532000,-1.105778,0.823820,0.146321,0.214871
0.533000,-1.105632,0.824036,0.145158,0.215828
0.534000,-1.105488,0.824253,0.144006,0.216775
0.535000,-1.105345,0.824470,0.142867,0.217713
0.536000,-1.105204,0.824689,0.141741,0.218640
0.537000,-1.105063,0.824909,0.140626,0.219557
0.538000,-1.104924,0.825129,0.139524,0.220465
0.539000,-1.104785,0.825350,0.138434,0.221362
0.540000,-1.104648,0.825573,0.137356,0.222249
0.541000,-1.104512,0.825796,0.136290,0.223127
0.542000,-1.104376,0.826020,0.135236,0.223995
0.543000,-1.104242,0.826245,0.134194,0.224853
0.544000,-1.104109,0.826470,0.133164,0.225701
0.545000,-1.103977,0.826697,0.132146,0.226540
0.546000,-1.103846,0.826924,0.131140,0.227369
0.546875,-1.103715,0.827152,0.130146,0.228188
0.547000,-1.103715,0.827152,0.130146,0.228188
0.548000,-1.103586,0.827381,0.129164,0.228997
0.549000,-1.103458,0.827611,0.128194,0.229797
0.550000,-1.103331,0.827842,0.127235,0.230588
0.551000,-1.103205,0.828073,0.126288,0.231369
0.552000,-1.103079,0.828305,0.125353,0.232140
0.553000,-1.102955,0.828538,0.124429,0.232902
0.554000,-1.102831,0.828772,0.123517,0.233655
0.555000,-1.102709,0.829006,0.122616,0.234398
0.556000,-1.102587,0.829241,0.121727,0.235132
0.557000,-1.102466,0.829477,0.120850,0.235857
0.558000,-1.102346,0.829714,0.119984,0.236572
0.559000,-1.102227,0.829951,0.119129,0.237278
0.560000,-1.102109,0.830189,0.118286,0.237975
0.561000,-1.101991,0.830428,0.117454,0.238663
0.562000,-1.101875,0.830667,0.116633,0.239342
0.562500,-1.101759,0.830907,0.115824,0.240011
0.563000,-1.101759,0.830907,0.115824,0.240011
0.564000,-1.101644,0.831148,0.115025,0.240672
0.565000,-1.101530,0.831389,0.114238,0.241323
0.566000,-1.101416,0.831631,0.113462,0.241966
0.567000,-1.101303,0.831874,0.112697,0.242600
0.568000,-1.101191,0.832117,0.111943,0.243225
0.569000,-1.101080,0.832361,0.111200,0.243841
0.570000,-1.100970,0.832605,0.110468,0.244448
0.571000,-1.100860,0.832850,0.109747,0.245046
0.572000,-1.100751,0.833096,0.109036,0.245636
0.573000,-1.100643,0.833342,0.108337,0.246217
0.574000,-1.100535,0.833589,0.107648,0.246790
0.575000,-1.100428,0.833836,0.106970,0.247353
0.576000,-1.100322,0.834084,0.106302,0.247908
0.577000,-1.100216,0.834333,0.105645,0.248455
0.578000,-1.100111,0.834582,0.104999,0.248993
0.578125,-1.100007,0.834831,0.104363,0.249523
0.579000,-1.100007,0.834831,0.104363,0.249523
0.580000,-1.099903,0.835081,0.103738,0.250044
0.581000,-1.099800,0.835332,0.103123,0.250557
0.582000,-1.099697,0.835583,0.102519,0.251062
0.583000,-1.099595,0.835834,0.101924,0.251558
0.584000,-1.099494,0.836086,0.101340,0.252046
0.585000,-1.099393,0.836339,0.100767,0.252526
0.586000,-1.099293,0.836592,0.100203,0.252997
0.587000,-1.099193,0.836845,0.099650,0.253460
0.588000,-1.099094,0.837099,0.099107,0.253916
0.589000,-1.098996,0.837354,0.098574,0.254363
0.590000,-1.098898,0.837608,0.098050,0.254802
0.591000,-1.098800,0.837864,0.097537,0.255233
0.592000,-1.098703,0.838119,0.097034,0.255657
0.593000,-1.098607,0.838375,0.096540,0.256072
0.593750,-1.098511,0.838632,0.096057,0.256479
0.594000,-1.098511,0.838632,0.096057,0.256479
0.595000,-1.098415,0.838889,0.095583,0.256879
0.596000,-1.098320,0.839146,0.095119,0.257271
0.597000,-1.098225,0.839404,0.094664,0.257655
0.598000,-1.098131,0.839662,0.094220,0.258031
0.599000,-1.098037,0.839920,0.093784,0.258400
0.600000,-1.097944,0.840179,0.093359,0.258761
0.601000,-1.097851,0.840438,0.092942,0.259114
0.602000,-1.097758,0.840697,0.092535,0.259460
0.603000,-1.097666,0.840957,0.092138,0.259798
0.604000,-1.097574,0.841217,0.091750,0.260129
0.605000,-1.097483,0.841478,0.091371,0.260453
0.606000,-1.097392,0.841739,0.091001,0.260769
0.607000,-1.097301,0.842000,0.090641,0.261077
0.608000,-1.097211,0.842261,0.090290,0.261379
0.609000,-1.097121,0.842523,0.089948,0.261673
0.609375,-1.097032,0.842785,0.089615,0.261959
0.610000,-1.097032,0.842785,0.089615,0.261959
0.611000,-1.096942,0.843047,0.089290,0.262239
0.612000,-1.096853,0.843309,0.088975,0.262511
0.613000,-1.096765,0.843572,0.088669,0.262776
0.614000,-1.096676,0.843835,0.088372,0.263035
0.615000,-1.096588,0.844099,0.088083,0.263286
0.616000,-1.096500,0.844362,0.087803,0.263530
0.617000,-1.096413,0.844626,0.087532,0.263767
0.618000,-1.096326,0.844890,0.087269,0.263997
0.619000,-1.096239,0.845154,0.087016,0.264220
0.620000,-1.096152,0.845418,0.086770,0.264436
0.621000,-1.096065,0.845683,0.086533,0.264646
0.622000,-1.095979,0.845948,0.086305,0.264849
0.623000,-1.095893,0.846213,0.086085,0.265045
0.624000,-1.095807,0.846478,0.085874,0.265234
0.625000,-1.095721,0.846744,0.085670,0.265416
0.626000,-1.095636,0.847009,0.085475,0.265592
0.627000,-1.095551,0.847275,0.085289,0.265762
0.628000,-1.095465,0.847541,0.085110,0.265924
0.629000,-1.095381,0.847807,0.084940,0.266081
0.630000,-1.095296,0.848073,0.084777,0.266230
0.631000,-1.095211,0.848340,0.084623,0.266374
0.632000,-1.095127,0.848606,0.084476,0.266511
0.633000,-1.095042,0.848873,0.084338,0.266641
0.634000,-1.094958,0.849140,0.084207,0.266765
0.635000,-1.094874,0.849406,0.084085,0.266883
0.636000,-1.094790,0.849673,0.083970,0.266995
0.637000,-1.094706,0.849941,0.083863,0.267100
0.638000,-1.094622,0.850208,0.083763,0.267199
0.639000,-1.094539,0.850475,0.083671,0.267292
0.640000,-1.094455,0.850742,0.083587,0.267379
0.640625,-1.094372,0.851010,0.083511,0.267460
0.641000,-1.094372,0.851010,0.083511,0.267460
0.642000,-1.094288,0.851277,0.083442,0.267535
0.643000,-1.094205,0.851545,0.083380,0.267603
0.644000,-1.094122,0.851813,0.083326,0.267666
0.645000,-1.094038,0.852080,0.083279,0.267723
0.646000,-1.093955,0.852348,0.083239,0.267774
0.647000,-1.093872,0.852616,0.083207,0.267819
0.648000,-1.093789,0.852884,0.083182,0.267858
0.649000,-1.093705,0.853152,0.083164,0.267891
0.650000,-1.093622,0.853420,0.083154,0.267919
0.651000,-1.093539,0.853688,0.083150,0.267941
0.652000,-1.093456,0.853956,0.083153,0.267957
0.653000,-1.093373,0.854223,0.083164,0.267967
0.654000,-1.093290,0.854491,0.083181,0.267972
0.655000,-1.093206,0.854759,0.083206,0.267972
0.656000,-1.093123,0.855027,0.083237,0.267965
0.656250,-1.093040,0.855295,0.083275,0.267954
0.657000,-1.093040,0.855295,0.083275,0.267954
0.658000,-1.092957,0.855563,0.083320,0.267936
0.659000,-1.092873,0.855831,0.083372,0.267914
0.660000,-1.092790,0.856099,0.083430,0.267886
0.661000,-1.092706,0.856367,0.083495,0.267852
0.662000,-1.092623,0.856635,0.083566,0.267813
0.663000,-1.092539,0.856903,0.083645,0.267769
0.664000,-1.092455,0.857170,0.083729,0.267719
0.665000,-1.092372,0.857438,0.083820,0.267665
0.666000,-1.092288,0.857706,0.083918,0.267605
0.667000,-1.092204,0.857973,0.084022,0.267540
0.668000,-1.092119,0.858241,0.084132,0.267469
0.669000,-1.092035,0.858508,0.084249,0.267394
0.670000,-1.091951,0.858775,0.084372,0.267313
0.671000,-1.091866,0.859042,0.084501,0.267228
0.671875,-1.091782,0.859310,0.084636,0.267137
0.672000,-1.091782,0.859310,0.084636,0.267137
0.673000,-1.091697,0.859577,0.084778,0.267041
0.674000,-1.091612,0.859844,0.084925,0.266941
0.675000,-1.091527,0.860110,0.085079,0.266835
0.676000,-1.091442,0.860377,0.085239,0.266725
0.677000,-1.091356,0.860644,0.085404,0.266610
0.678000,-1.091271,0.860910,0.085576,0.266490
0.679000,-1.091185,0.861177,0.085753,0.266365
0.680000,-1.091099,0.861443,0.085937,0.266235
0.681000,-1.091013,0.861709,0.086126,0.266101
0.682000,-1.090927,0.861975,0.086321,0.265961
0.683000,-1.090840,0.862241,0.086522,0.265818
0.684000,-1.090753,0.862506,0.086728,0.265669
0.685000,-1.090666,0.862772,0.086940,0.265516
0.686000,-1.090579,0.863037,0.087158,0.265358
0.687000,-1.090492,0.863302,0.087381,0.265196
0.687500,-1.090404,0.863567,0.087610,0.265029
0.688000,-1.090404,0.863567,0.087610,0.265029
0.689000,-1.090316,0.863832,0.087844,0.264858
0.690000,-1.090228,0.864097,0.088084,0.264682
0.691000,-1.090140,0.864362,0.088329,0.264502
0.692000,-1.090051,0.864626,0.088580,0.264317
0.693000,-1.089963,0.864890,0.088836,0.264128
0.694000,-1.089873,0.865154,0.089097,0.263935
0.695000,-1.089784,0.865418,0.089363,0.263737
0.696000,-1.089694,0.865681,0.089635,0.263535
0.697000,-1.089605,0.865944,0.089912,0.263329
0.698000,-1.089514,0.866208,0.090195,0.263118
0.699000,-1.089424,0.866471,0.090482,0.262904
0.700000,-1.089333,0.866733,0.090774,0.262685
0.701000,-1.089242,0.866996,0.091072,0.262462
0.702000,-1.089151,0.867258,0.091374,0.262235
0.703000,-1.089059,0.867520,0.091682,0.262003
0.703125,-1.088967,0.867782,0.091994,0.261768
0.704000,-1.088967,0.867782,0.091994,0.261768
0.705000,-1.088875,0.868043,0.092312,0.261528
0.706000,-1.088782,0.868304,0.092634,0.261285
0.707000,-1.088689,0.868566,0.092961,0.261038
0.708000,-1.088596,0.868826,0.093293,0.260786
0.709000,-1.088502,0.869087,0.093630,0.260531
0.710000,-1.088408,0.869347,0.093972,0.260272
0.711000,-1.088314,0.869607,0.094318,0.260008
0.712000,-1.088219,0.869867,0.094669,0.259741
0.713000,-1.088124,0.870126,0.095025,0.259471
0.714000,-1.088029,0.870386,0.095385,0.259196
0.715000,-1.087933,0.870644,0.095750,0.258918
0.716000,-1.087837,0.870903,0.096119,0.258635
0.717000,-1.087740,0.871161,0.096493,0.258349
0.718000,-1.087644,0.871419,0.096872,0.258060
0.718750,-1.087546,0.871677,0.097255,0.257767
0.719000,-1.087546,0.871677,0.097255,0.257767
0.720000,-1.087449,0.871935,0.097642,0.257470
0.721000,-1.087351,0.872192,0.098034,0.257169
0.722000,-1.087252,0.872449,0.098430,0.256865
0.723000,-1.087153,0.872705,0.098830,0.256557
0.724000,-1.087054,0.872962,0.099235,0.256246
0.725000,-1.086954,0.873217,0.099644,0.255931
0.726000,-1.086854,0.873473,0.100057,0.255613
0.727000,-1.086754,0.873728,0.100475,0.255291
0.728000,-1.086653,0.873983,0.100896,0.254966
0.729000,-1.086552,0.874238,0.101322,0.254637
0.730000,-1.086450,0.874492,0.101752,0.254305
0.731000,-1.086348,0.874746,0.102186,0.253969
0.732000,-1.086245,0.875000,0.102625,0.253630
0.733000,-1.086142,0.875253,0.103067,0.253288
0.734000,-1.086039,0.875506,0.103513,0.252943
0.734375,-1.085935,0.875759,0.103963,0.252594
0.735000,-1.085935,0.875759,0.103963,0.252594
0.736000,-1.085830,0.876011,0.104417,0.252242
0.737000,-1.085725,0.876263,0.104876,0.251887
0.738000,-1.085620,0.876514,0.105338,0.251528
0.739000,-1.085514,0.876766,0.105803,0.251166
0.740000,-1.085408,0.877016,0.106273,0.250802
0.741000,-1.085301,0.877267,0.106747,0.250434
0.742000,-1.085194,0.877517,0.107224,0.250062
0.743000,-1.085086,0.877767,0.107705,0.249688
0.744000,-1.084978,0.878016,0.108190,0.249311
0.745000,-1.084869,0.878265,0.108679,0.248930
0.746000,-1.084760,0.878513,0.109171,0.248547
0.747000,-1.084651,0.878761,0.109667,0.248160
0.748000,-1.084540,0.879009,0.110167,0.247771
0.749000,-1.084430,0.879257,0.110670,0.247379
0.750000,-1.084319,0.879504,0.111177,0.246983
0.751000,-1.084207,0.879750,0.111687,0.246585
0.752000,-1.084095,0.879996,0.112201,0.246184
0.753000,-1.083982,0.880242,0.112718,0.245780
0.754000,-1.083869,0.880488,0.113239,0.245373
0.755000,-1.083755,0.880733,0.113763,0.244963
0.756000,-1.083641,0.880977,0.114291,0.244550
0.757000,-1.083526,0.881221,0.114822,0.244135
0.758000,-1.083410,0.881465,0.115357,0.243717
0.759000,-1.083295,0.881708,0.115895,0.243296
0.760000,-1.083178,0.881951,0.116436,0.242872
0.761000,-1.083061,0.882194,0.116981,0.242446
0.762000,-1.082944,0.882436,0.117528,0.242016
0.763000,-1.082826,0.882677,0.118080,0.241585
0.764000,-1.082707,0.882918,0.118634,0.241150
0.765000,-1.082588,0.883159,0.119192,0.240713
0.765625,-1.082468,0.883399,0.119752,0.240274
0.766000,-1.082468,0.883399,0.119752,0.240274
0.767000,-1.082348,0.883639,0.120316,0.239831
0.768000,-1.082227,0.883878,0.120884,0.239386
0.769000,-1.082105,0.884117,0.121454,0.238939
0.770000,-1.081983,0.884356,0.122027,0.238489
0.771000,-1.081861,0.884594,0.122604,0.238037
0.772000,-1.081737,0.884832,0.123183,0.237582
0.773000,-1.081614,0.885069,0.123766,0.237124
0.774000,-1.081489,0.885305,0.124352,0.236664
0.775000,-1.081364,0.885542,0.124940,0.236202
0.776000,-1.081239,0.885777,0.125532,0.235737
0.777000,-1.081113,0.886013,0.126126,0.235270
0.778000,-1.080986,0.886247,0.126724,0.234801
0.779000,-1.080859,0.886482,0.127324,0.234329
0.780000,-1.080731,0.886716,0.127928,0.233854
0.781000,-1.080602,0.886949,0.128534,0.233378
0.781250,-1.080473,0.887182,0.129143,0.232899
0.782000,-1.080473,0.887182,0.129143,0.232899
0.783000,-1.080343,0.887414,0.129755,0.232418
0.784000,-1.080213,0.887646,0.130369,0.231935
0.785000,-1.080082,0.887878,0.130987,0.231449
0.786000,-1.079950,0.888109,0.131607,0.230961
0.787000,-1.079818,0.888339,0.132230,0.230471
0.788000,-1.079685,0.888569,0.132856,0.229979
0.789000,-1.079552,0.888798,0.133484,0.229484
0.790000,-1.079418,0.889027,0.134115,0.228988
0.791000,-1.079283,0.889256,0.134749,0.228489
0.792000,-1.079148,0.889484,0.135386,0.227988
0.793000,-1.079012,0.889711,0.136025,0.227485
0.794000,-1.078875,0.889938,0.136667,0.226980
0.795000,-1.078738,0.890165,0.137311,0.226473
0.796000,-1.078600,0.890391,0.137958,0.225964
0.796875,-1.078461,0.890616,0.138607,0.225453
0.797000,-1.078461,0.890616,0.138607,0.225453
0.798000,-1.078322,0.890841,0.139259,0.224940
0.799000,-1.078182,0.891066,0.139914,0.224425
0.800000,-1.078041,0.891290,0.140571,0.223908
0.801000,-1.077900,0.891513,0.141230,0.223389
0.802000,-1.077758,0.891736,0.141892,0.222868
0.803000,-1.077616,0.891958,0.142556,0.222345
0.804000,-1.077472,0.892180,0.143223,0.221820
0.805000,-1.077328,0.892401,0.143892,0.221293
0.806000,-1.077184,0.892622,0.144564,0.220765
0.807000,-1.077039,0.892842,0.145238,0.220234
0.808000,-1.076893,0.893062,0.145914,0.219702
0.809000,-1.076746,0.893281,0.146593,0.219168
0.810000,-1.076599,0.893500,0.147274,0.218632
0.811000,-1.076451,0.893718,0.147957,0.218095
0.812000,-1.076302,0.893935,0.148642,0.217555
0.812500,-1.076153,0.894152,0.149330,0.217014
0.813000,-1.076153,0.894152,0.149330,0.217014
0.814000,-1.076003,0.894369,0.150020,0.216471
0.815000,-1.075852,0.894585,0.150712,0.215927
0.816000,-1.075701,0.894800,0.151407,0.215380
0.817000,-1.075549,0.895015,0.152103,0.214832
0.818000,-1.075396,0.895229,0.152802,0.214283
0.819000,-1.075242,0.895443,0.153503,0.213732
0.820000,-1.075088,0.895656,0.154206,0.213179
0.821000,-1.074933,0.895869,0.154911,0.212624
0.822000,-1.074778,0.896081,0.155619,0.212068
0.823000,-1.074621,0.896292,0.156328,0.211511
0.824000,-1.074464,0.896503,0.157040,0.210951
0.825000,-1.074307,0.896714,0.157753,0.210391
0.826000,-1.074148,0.896924,0.158468,0.209828
0.827000,-1.073989,0.897133,0.159186,0.209265
0.828000,-1.073829,0.897342,0.159906,0.208699
0.828125,-1.073668,0.897550,0.160627,0.208133
0.829000,-1.073668,0.897550,0.160627,0.208133
0.830000,-1.073507,0.897757,0.161350,0.207565
0.831000,-1.073345,0.897964,0.162076,0.206995
0.832000,-1.073182,0.898171,0.162803,0.206424
0.833000,-1.073019,0.898377,0.163532,0.205851
0.834000,-1.072854,0.898582,0.164263,0.205278
0.835000,-1.072689,0.898787,0.164996,0.204702
0.836000,-1.072524,0.898991,0.165731,0.204126
0.837000,-1.072357,0.899194,0.166468,0.203548
0.838000,-1.072190,0.899397,0.167206,0.202969
0.839000,-1.072022,0.899600,0.167947,0.202388
0.840000,-1.071853,0.899801,0.168689,0.201806
0.841000,-1.071684,0.900003,0.169433,0.201223
0.842000,-1.071514,0.900203,0.170178,0.200639
0.843000,-1.071343,0.900403,0.170925,0.200053
0.843750,-1.071171,0.900603,0.171675,0.199466
0.844000,-1.071171,0.900603,0.171675,0.199466
0.845000,-1.070999,0.900802,0.172425,0.198878
0.846000,-1.070825,0.901000,0.173178,0.198289
0.847000,-1.070652,0.901198,0.173932,0.197699
0.848000,-1.070477,0.901395,0.174688,0.197107
0.849000,-1.070301,0.901591,0.175445,0.196514
0.850000,-1.070125,0.901787,0.176204,0.195920
0.851000,-1.069948,0.901982,0.176965,0.195325
0.852000,-1.069771,0.902177,0.177727,0.194729
0.853000,-1.069592,0.902371,0.178490,0.194132
0.854000,-1.069413,0.902565,0.179256,0.193534
0.855000,-1.069233,0.902758,0.180023,0.192935
0.856000,-1.069052,0.902950,0.180791,0.192334
0.857000,-1.068870,0.903142,0.181561,0.191733
0.858000,-1.068688,0.903333,0.182332,0.191130
0.859000,-1.068505,0.903524,0.183105,0.190527
0.859375,-1.068321,0.903713,0.183879,0.189923
0.860000,-1.068321,0.903713,0.183879,0.189923
0.861000,-1.068136,0.903903,0.184655,0.189318
0.862000,-1.067951,0.904091,0.185432,0.188711
0.863000,-1.067765,0.904280,0.186210,0.188104
0.864000,-1.067578,0.904467,0.186990,0.187496
0.865000,-1.067390,0.904654,0.187771,0.186887
0.866000,-1.067201,0.904840,0.188553,0.186278
0.867000,-1.067012,0.905026,0.189337,0.185667
0.868000,-1.066822,0.905211,0.190122,0.185055
0.869000,-1.066631,0.905395,0.190909,0.184443
0.870000,-1.066439,0.905579,0.191697,0.183830
0.871000,-1.066247,0.905762,0.192485,0.183216
0.872000,-1.066054,0.905945,0.193276,0.182601
0.873000,-1.065860,0.906127,0.194067,0.181986
0.874000,-1.065665,0.906308,0.194860,0.181370
0.875000,-1.065469,0.906489,0.195653,0.180753
0.876000,-1.065273,0.906669,0.196448,0.180135
0.877000,-1.065075,0.906849,0.197244,0.179517
0.878000,-1.064877,0.907028,0.198042,0.178898
0.879000,-1.064679,0.907206,0.198840,0.178278
0.880000,-1.064479,0.907384,0.199639,0.177657
0.881000,-1.064278,0.907561,0.200440,0.177036
0.882000,-1.064077,0.907737,0.201241,0.176415
0.883000,-1.063875,0.907913,0.202044,0.175793
0.884000,-1.063672,0.908088,0.202848,0.175170
0.885000,-1.063469,0.908263,0.203652,0.174546
0.886000,-1.063264,0.908437,0.204458,0.173922
0.887000,-1.063059,0.908610,0.205264,0.173298
0.888000,-1.062853,0.908783,0.206072,0.172673
0.889000,-1.062646,0.908955,0.206880,0.172047
0.890000,-1.062438,0.909126,0.207690,0.171421
0.890625,-1.062230,0.909297,0.208500,0.170795
0.891000,-1.062230,0.909297,0.208500,0.170795
0.892000,-1.062020,0.909467,0.209311,0.170168
0.893000,-1.061810,0.909636,0.210123,0.169540
0.894000,-1.061599,0.909805,0.210936,0.168912
0.895000,-1.061388,0.909974,0.211750,0.168284
0.896000,-1.061175,0.910141,0.212564,0.167655
0.897000,-1.060962,0.910308,0.213380,0.167026
0.898000,-1.060748,0.910475,0.214196,0.166397
0.899000,-1.060533,0.910641,0.215012,0.165767
0.900000,-1.060317,0.910806,0.215830,0.165137
0.901000,-1.060100,0.910970,0.216648,0.164507
0.902000,-1.059883,0.911134,0.217467,0.163876
0.903000,-1.059664,0.911297,0.218287,0.163245
0.904000,-1.059445,0.911460,0.219107,0.162613
0.905000,-1.059225,0.911622,0.219928,0.161982
0.906000,-1.059004,0.911783,0.220749,0.161350
0.906250,-1.058783,0.911944,0.221571,0.160718
0.907000,-1.058783,0.911944,0.221571,0.160718
0.908000,-1.058561,0.912104,0.222394,0.160086
0.909000,-1.058337,0.912264,0.223217,0.159453
0.910000,-1.058113,0.912422,0.224041,0.158821
0.911000,-1.057888,0.912581,0.224865,0.158188
0.912000,-1.057663,0.912738,0.225690,0.157555
0.913000,-1.057436,0.912895,0.226516,0.156922
0.914000,-1.057209,0.913051,0.227341,0.156288
0.915000,-1.056981,0.913207,0.228168,0.155655
0.916000,-1.056752,0.913362,0.228994,0.155022
0.917000,-1.056522,0.913516,0.229821,0.154388
0.918000,-1.056291,0.913670,0.230649,0.153755
0.919000,-1.056060,0.913823,0.231476,0.153121
0.920000,-1.055827,0.913976,0.232305,0.152488
0.921000,-1.055594,0.914128,0.233133,0.151854
0.921875,-1.055360,0.914279,0.233962,0.151220
0.922000,-1.055360,0.914279,0.233962,0.151220
0.923000,-1.055126,0.914429,0.234791,0.150587
0.924000,-1.054890,0.914579,0.235620,0.149953
0.925000,-1.054653,0.914729,0.236450,0.149320
0.926000,-1.054416,0.914877,0.237280,0.148686
0.927000,-1.054178,0.915025,0.238110,0.148053
0.928000,-1.053939,0.915173,0.238940,0.147420
0.929000,-1.053699,0.915320,0.239770,0.146787
0.930000,-1.053459,0.915466,0.240601,0.146154
0.931000,-1.053217,0.915611,0.241431,0.145521
0.932000,-1.052975,0.915756,0.242262,0.144888
0.933000,-1.052732,0.915900,0.243093,0.144256
0.934000,-1.052488,0.916044,0.243924,0.143623
0.935000,-1.052243,0.916187,0.244755,0.142991
0.936000,-1.051998,0.916329,0.245585,0.142359
0.937000,-1.051751,0.916471,0.246416,0.141728
0.937500,-1.051504,0.916612,0.247247,0.141096
0.938000,-1.051504,0.916612,0.247247,0.141096
0.939000,-1.051256,0.916753,0.248078,0.140465
0.940000,-1.051007,0.916892,0.248909,0.139835
0.941000,-1.050757,0.917032,0.249740,0.139204
0.942000,-1.050507,0.917170,0.250570,0.138574
0.943000,-1.050255,0.917308,0.251401,0.137944
0.944000,-1.050003,0.917446,0.252231,0.137315
0.945000,-1.049750,0.917582,0.253062,0.136686
0.946000,-1.049496,0.917718,0.253892,0.136057
0.947000,-1.049241,0.917854,0.254721,0.135429
0.948000,-1.048986,0.917989,0.255551,0.134801
0.949000,-1.048730,0.918123,0.256380,0.134173
0.950000,-1.048472,0.918256,0.257209,0.133546
0.951000,-1.048214,0.918389,0.258038,0.132920
0.952000,-1.047955,0.918521,0.258867,0.132293
0.953000,-1.047696,0.918653,0.259695,0.131668
0.953125,-1.047435,0.918784,0.260523,0.131043
0.954000,-1.047435,0.918784,0.260523,0.131043
0.955000,-1.047174,0.918915,0.261350,0.130418
0.956000,-1.046912,0.919044,0.262177,0.129794
0.957000,-1.046649,0.919174,0.263004,0.129171
0.958000,-1.046385,0.919302,0.263830,0.128548
0.959000,-1.046120,0.919430,0.264655,0.127926
0.960000,-1.045855,0.919557,0.265481,0.127304
0.961000,-1.045588,0.919684,0.266305,0.126683
0.962000,-1.045321,0.919810,0.267129,0.126062
0.963000,-1.045053,0.919935,0.267953,0.125443
0.964000,-1.044785,0.920060,0.268776,0.124823
0.965000,-1.044515,0.920185,0.269598,0.124205
0.966000,-1.044245,0.920308,0.270420,0.123587
0.967000,-1.043973,0.920431,0.271241,0.122970
0.968000,-1.043701,0.920553,0.272062,0.122354
0.968750,-1.043428,0.920675,0.272882,0.121738
0.969000,-1.043428,0.920675,0.272882,0.121738
0.970000,-1.043155,0.920796,0.273701,0.121123
0.971000,-1.042880,0.920917,0.274519,0.120509
0.972000,-1.042605,0.921037,0.275337,0.119896
0.973000,-1.042329,0.921156,0.276154,0.119284
0.974000,-1.042052,0.921275,0.276970,0.118672
0.975000,-1.041774,0.921393,0.277785,0.118061
0.976000,-1.041495,0.921510,0.278599,0.117451
0.977000,-1.041216,0.921627,0.279413,0.116842
0.978000,-1.040936,0.921743,0.280225,0.116234
0.979000,-1.040655,0.921859,0.281037,0.115626
0.980000,-1.040373,0.921974,0.281848,0.115020
0.981000,-1.040090,0.922088,0.282658,0.114415
0.982000,-1.039807,0.922202,0.283467,0.113810
0.983000,-1.039522,0.922315,0.284274,0.113206
0.984000,-1.039237,0.922428,0.285081,0.112604
0.984375,-1.038951,0.922540,0.285887,0.112002
0.985000,-1.038951,0.922540,0.285887,0.112002
0.986000,-1.038665,0.922651,0.286692,0.111402
0.987000,-1.038377,0.922762,0.287495,0.110802
0.988000,-1.038089,0.922872,0.288298,0.110203
0.989000,-1.037800,0.922982,0.289099,0.109606
0.990000,-1.037510,0.923091,0.289900,0.109009
0.991000,-1.037219,0.923199,0.290699,0.108414
0.992000,-1.036928,0.923307,0.291496,0.107820
0.993000,-1.036635,0.923414,0.292293,0.107226
0.994000,-1.036342,0.923521,0.293088,0.106634
0.995000,-1.036048,0.923627,0.293882,0.106043
0.996000,-1.035754,0.923733,0.294675,0.105454
0.997000,-1.035458,0.923837,0.295467,0.104865
0.998000,-1.035162,0.923942,0.296257,0.104278
0.999000,-1.034865,0.924045,0.297046,0.103691
1.000000,-1.034567,0.924148,0.297833,0.103106
1.001000,-1.034269,0.924251,0.298619,0.102523
1.002000,-1.033969,0.924353,0.299403,0.101940
1.003000,-1.033669,0.924454,0.300186,0.101359
1.004000,-1.033368,0.924555,0.300968,0.100779
1.005000,-1.033066,0.924655,0.301748,0.100200
1.006000,-1.032764,0.924755,0.302527,0.099622
1.007000,-1.032460,0.924854,0.303304,0.099046
1.008000,-1.032156,0.924952,0.304079,0.098471
1.009000,-1.031851,0.925050,0.304853,0.097898
1.010000,-1.031546,0.925148,0.305625,0.097326
1.011000,-1.031239,0.925244,0.306396,0.096755
1.012000,-1.030932,0.925341,0.307165,0.096186
1.013000,-1.030624,0.925436,0.307932,0.095618
1.014000,-1.030316,0.925531,0.308697,0.095051
1.015000,-1.030006,0.925626,0.309461,0.094486
1.015625,-1.029696,0.925720,0.310223,0.093922
1.016000,-1.029696,0.925720,0.310223,0.093922
1.017000,-1.029385,0.925813,0.310983,0.093360
1.018000,-1.029073,0.925906,0.311742,0.092799
1.019000,-1.028761,0.925998,0.312499,0.092240
1.020000,-1.028448,0.926090,0.313253,0.091682
1.021000,-1.028133,0.926181,0.314006,0.091126
1.022000,-1.027819,0.926271,0.314757,0.090571
1.023000,-1.027503,0.926361,0.315506,0.090018
1.024000,-1.027187,0.926451,0.316254,0.089467
1.025000,-1.026870,0.926540,0.316999,0.088917
1.026000,-1.026552,0.926628,0.317742,0.088368
1.027000,-1.026234,0.926716,0.318483,0.087821
1.028000,-1.025915,0.926803,0.319222,0.087276
1.029000,-1.025595,0.926890,0.319960,0.086732
1.030000,-1.025274,0.926976,0.320695,0.086190
1.031000,-1.024952,0.927062,0.321428,0.085650
1.031250,-1.024630,0.927147,0.322159,0.085111
1.032000,-1.024630,0.927147,0.322159,0.085111
1.033000,-1.024307,0.927232,0.322887,0.084574
1.034000,-1.023984,0.927316,0.323614,0.084039
1.035000,-1.023659,0.927399,0.324338,0.083505
1.036000,-1.023334,0.927482,0.325060,0.082973
1.037000,-1.023009,0.927565,0.325780,0.082443
1.038000,-1.022682,0.927646,0.326498,0.081915
1.039000,-1.022355,0.927728,0.327214,0.081388
1.040000,-1.022027,0.927809,0.327927,0.080863
1.041000,-1.021698,0.927889,0.328637,0.080340
1.042000,-1.021369,0.927969,0.329346,0.079818
1.043000,-1.021039,0.928048,0.330052,0.079299
1.044000,-1.020708,0.928127,0.330756,0.078781
1.045000,-1.020377,0.928205,0.331457,0.078265
1.046000,-1.020045,0.928283,0.332156,0.077751
1.046875,-1.019712,0.928360,0.332853,0.077239
1.047000,-1.019712,0.928360,0.332853,0.077239
1.048000,-1.019378,0.928437,0.333547,0.076729
1.049000,-1.019044,0.928513,0.334238,0.076220
1.050000,-1.018709,0.928589,0.334927,0.075714
1.051000,-1.018373,0.928664,0.335614,0.075209
1.052000,-1.018037,0.928739,0.336297,0.074706
1.053000,-1.017700,0.928813,0.336979,0.074205
1.054000,-1.017362,0.928887,0.337658,0.073707
1.055000,-1.017024,0.928960,0.338334,0.073210
1.056000,-1.016685,0.929033,0.339007,0.072715
1.057000,-1.016345,0.929105,0.339678,0.072222
1.058000,-1.016005,0.929177,0.340346,0.071731
1.059000,-1.015664,0.929248,0.341012,0.071242
1.060000,-1.015322,0.929319,0.341674,0.070755
1.061000,-1.014980,0.929389,0.342334,0.070270
1.062000,-1.014637,0.929459,0.342991,0.069787
1.062500,-1.014293,0.929528,0.343646,0.069306
1.063000,-1.014293,0.929528,0.343646,0.069306
1.064000,-1.013949,0.929597,0.344298,0.068827
1.065000,-1.013604,0.929665,0.344946,0.068350
1.066000,-1.013259,0.929733,0.345592,0.067876
1.067000,-1.012912,0.929800,0.346235,0.067403
1.068000,-1.012565,0.929867,0.346876,0.066933
1.069000,-1.012218,0.929934,0.347513,0.066464
1.070000,-1.011870,0.930000,0.348147,0.065998
1.071000,-1.011521,0.930065,0.348779,0.065534
1.072000,-1.011172,0.930130,0.349407,0.065072
1.073000,-1.010822,0.930195,0.350033,0.064612
1.074000,-1.010471,0.930259,0.350655,0.064154
1.075000,-1.010120,0.930323,0.351275,0.063699
1.076000,-1.009768,0.930386,0.351891,0.063246
1.077000,-1.009415,0.930449,0.352505,0.062795
1.078000,-1.009062,0.930511,0.353115,0.062346
1.078125,-1.008708,0.930573,0.353722,0.061899
1.079000,-1.008708,0.930573,0.353722,0.061899
1.080000,-1.008354,0.930635,0.354326,0.061454
1.081000,-1.007999,0.930696,0.354927,0.061012
1.082000,-1.007644,0.930756,0.355525,0.060572
1.083000,-1.007288,0.930816,0.356120,0.060134
1.084000,-1.006931,0.930876,0.356711,0.059699
1.085000,-1.006574,0.930935,0.357300,0.059266
1.086000,-1.006216,0.930994,0.357885,0.058835
1.087000,-1.005857,0.931053,0.358467,0.058406
1.088000,-1.005498,0.931110,0.359045,0.057980
1.089000,-1.005139,0.931168,0.359621,0.057556
1.090000,-1.004778,0.931225,0.360193,0.057134
1.091000,-1.004418,0.931282,0.360761,0.056715
1.092000,-1.004056,0.931338,0.361327,0.056298
1.093000,-1.003694,0.931394,0.361889,0.055883
1.093750,-1.003332,0.931450,0.362447,0.055471
1.094000,-1.003332,0.931450,0.362447,0.055471
1.095000,-1.002969,0.931505,0.363003,0.055061
1.096000,-1.002605,0.931559,0.363554,0.054653
1.097000,-1.002241,0.931613,0.364103,0.054248
1.098000,-1.001877,0.931667,0.364648,0.053845
1.099000,-1.001511,0.931721,0.365190,0.053444
1.100000,-1.001146,0.931774,0.365728,0.053046
1.101000,-1.000779,0.931826,0.366262,0.052650
1.102000,-1.000413,0.931879,0.366794,0.052257
1.103000,-1.000045,0.931931,0.367321,0.051866
1.104000,-0.999677,0.931982,0.367845,0.051478
1.105000,-0.999309,0.932033,0.368366,0.051092
1.106000,-0.998940,0.932084,0.368883,0.050708
1.107000,-0.998571,0.932134,0.369397,0.050327
1.108000,-0.998201,0.932184,0.369907,0.049949
1.109000,-0.997830,0.932234,0.370413,0.049572
1.109375,-0.997460,0.932283,0.370916,0.049199
1.110000,-0.997460,0.932283,0.370916,0.049199
1.111000,-0.997088,0.932332,0.371415,0.048828
1.112000,-0.996716,0.932380,0.371910,0.048459
1.113000,-0.996344,0.932428,0.372402,0.048093
1.114000,-0.995971,0.932476,0.372890,0.047729
1.115000,-0.995598,0.932523,0.373375,0.047367
1.116000,-0.995224,0.932570,0.373855,0.047009
1.117000,-0.994849,0.932617,0.374332,0.046652
1.118000,-0.994475,0.932663,0.374806,0.046299
1.119000,-0.994099,0.932709,0.375275,0.045948
1.120000,-0.993724,0.932755,0.375741,0.045599
1.121000,-0.993347,0.932800,0.376203,0.045253
1.122000,-0.992971,0.932845,0.376662,0.044909
1.123000,-0.992594,0.932890,0.377116,0.044568
1.124000,-0.992216,0.932934,0.377567,0.044230
1.125000,-0.991838,0.932978,0.378014,0.043894
1.126000,-0.991460,0.933021,0.378457,0.043560
1.127000,-0.991081,0.933065,0.378896,0.043230
1.128000,-0.990701,0.933107,0.379332,0.042901
1.129000,-0.990322,0.933150,0.379763,0.042576
1.130000,-0.989941,0.933192,0.380191,0.042253
1.131000,-0.989561,0.933234,0.380615,0.041932
1.132000,-0.989180,0.933276,0.381035,0.041614
1.133000,-0.988798,0.933317,0.381451,0.041299
1.134000,-0.988416,0.933358,0.381863,0.040986
1.135000,-0.988034,0.933399,0.382272,0.040676
1.136000,-0.987651,0.933439,0.382676,0.040369
1.137000,-0.987268,0.933479,0.383076,0.040064
1.138000,-0.986885,0.933519,0.383473,0.039762
1.139000,-0.986501,0.933558,0.383865,0.039462
1.140000,-0.986117,0.933598,0.384254,0.039165
1.140625,-0.985732,0.933636,0.384638,0.038871
1.141000,-0.985732,0.933636,0.384638,0.038871
1.142000,-0.985347,0.933675,0.385019,0.038579
1.143000,-0.984962,0.933713,0.385395,0.038290
1.144000,-0.984576,0.933751,0.385768,0.038003
1.145000,-0.984190,0.933789,0.386136,0.037719
1.146000,-0.983803,0.933827,0.386501,0.037438
1.147000,-0.983416,0.933864,0.386861,0.037159
1.148000,-0.983029,0.933901,0.387218,0.036883
1.149000,-0.982642,0.933937,0.387570,0.036610
1.150000,-0.982254,0.933974,0.387919,0.036339
1.151000,-0.981865,0.934010,0.388263,0.036071
1.152000,-0.981477,0.934045,0.388603,0.035806
1.153000,-0.981088,0.934081,0.388939,0.035543
1.154000,-0.980699,0.934116,0.389271,0.035283
1.155000,-0.980309,0.934151,0.389599,0.035026
1.156000,-0.979919,0.934186,0.389923,0.034771
1.156250,-0.979529,0.934221,0.390243,0.034519
1.157000,-0.979529,0.934221,0.390243,0.034519
1.158000,-0.979138,0.934255,0.390559,0.034269
1.159000,-0.978747,0.934289,0.390870,0.034023
1.160000,-0.978356,0.934323,0.391178,0.033779
1.161000,-0.977965,0.934356,0.391481,0.033537
1.162000,-0.977573,0.934389,0.391780,0.033298
1.163000,-0.977181,0.934422,0.392075,0.033062
1.164000,-0.976789,0.934455,0.392366,0.032829
1.165000,-0.976396,0.934488,0.392653,0.032598
1.166000,-0.976003,0.934520,0.392936,0.032370
1.167000,-0.975610,0.934552,0.393214,0.032144
1.168000,-0.975216,0.934584,0.393488,0.031922
1.169000,-0.974823,0.934616,0.393758,0.031701
1.170000,-0.974429,0.934648,0.394024,0.031484
1.171000,-0.974034,0.934679,0.394286,0.031269
1.171875,-0.973640,0.934710,0.394544,0.031057
1.172000,-0.973640,0.934710,0.394544,0.031057
1.173000,-0.973245,0.934741,0.394797,0.030848
1.174000,-0.972850,0.934771,0.395047,0.030641
1.175000,-0.972455,0.934802,0.395292,0.030437
1.176000,-0.972059,0.934832,0.395533,0.030235
1.177000,-0.971663,0.934862,0.395769,0.030036
1.178000,-0.971267,0.934892,0.396002,0.029840
1.179000,-0.970871,0.934922,0.396230,0.029647
1.180000,-0.970475,0.934951,0.396454,0.029456
1.181000,-0.970078,0.934980,0.396674,0.029268
1.182000,-0.969681,0.935009,0.396890,0.029082
1.183000,-0.969284,0.935038,0.397101,0.028899
1.184000,-0.968887,0.935067,0.397309,0.028719
1.185000,-0.968489,0.935096,0.397512,0.028542
1.186000,-0.968091,0.935124,0.397711,0.028367
1.187000,-0.967693,0.935152,0.397905,0.028195
1.187500,-0.967295,0.935180,0.398096,0.028025
1.188000,-0.967295,0.935180,0.398096,0.028025
1.189000,-0.966897,0.935208,0.398282,0.027858
1.190000,-0.966499,0.935236,0.398464,0.027694
1.191000,-0.966100,0.935263,0.398642,0.027532
1.192000,-0.965701,0.935291,0.398816,0.027373
1.193000,-0.965302,0.935318,0.398985,0.027217
1.194000,-0.964903,0.935345,0.399150,0.027063
1.195000,-0.964504,0.935372,0.399311,0.026912
1.196000,-0.964104,0.935399,0.399468,0.026763
1.197000,-0.963705,0.935425,0.399621,0.026617
1.198000,-0.963305,0.935452,0.399769,0.026474
1.199000,-0.962905,0.935478,0.399913,0.026334
1.200000,-0.962505,0.935504,0.400053,0.026196
1.201000,-0.962105,0.935530,0.400189,0.026060
1.202000,-0.961704,0.935556,0.400320,0.025927
1.203000,-0.961304,0.935582,0.400448,0.025797
1.203125,-0.960903,0.935608,0.400571,0.025670
1.204000,-0.960903,0.935608,0.400571,0.025670
1.205000,-0.960503,0.935633,0.400690,0.025545
1.206000,-0.960102,0.935659,0.400804,0.025422
1.207000,-0.959701,0.935684,0.400915,0.025302
1.208000,-0.959300,0.935709,0.401021,0.025185
1.209000,-0.958899,0.935734,0.401123,0.025071
1.210000,-0.958498,0.935759,0.401221,0.024959
1.211000,-0.958096,0.935784,0.401315,0.024849
1.212000,-0.957695,0.935809,0.401405,0.024742
1.213000,-0.957293,0.935833,0.401490,0.024638
1.214000,-0.956892,0.935858,0.401571,0.024536
1.215000,-0.956490,0.935882,0.401648,0.024437
1.216000,-0.956088,0.935907,0.401721,0.024340
1.217000,-0.955687,0.935931,0.401790,0.024246
1.218000,-0.955285,0.935955,0.401854,0.024155
1.218750,-0.954883,0.935979,0.401915,0.024066
1.219000,-0.954883,0.935979,0.401915,0.024066
1.220000,-0.954481,0.936003,0.401971,0.023979
1.221000,-0.954079,0.936027,0.402023,0.023896
1.222000,-0.953677,0.936051,0.402071,0.023814
1.223000,-0.953275,0.936075,0.402115,0.023735
1.224000,-0.952873,0.936098,0.402155,0.023659
1.225000,-0.952470,0.936122,0.402190,0.023585
1.226000,-0.952068,0.936145,0.402222,0.023514
1.227000,-0.951666,0.936169,0.402249,0.023445
1.228000,-0.951264,0.936192,0.402272,0.023379
1.229000,-0.950861,0.936215,0.402291,0.023315
1.230000,-0.950459,0.936239,0.402306,0.023253
1.231000,-0.950057,0.936262,0.402317,0.023195
1.232000,-0.949654,0.936285,0.402324,0.023138
1.233000,-0.949252,0.936308,0.402326,0.023084
1.234000,-0.948850,0.936331,0.402325,0.023033
1.234375,-0.948447,0.936354,0.402319,0.022984
1.235000,-0.948447,0.936354,0.402319,0.022984
1.236000,-0.948045,0.936377,0.402310,0.022937
1.237000,-0.947643,0.936400,0.402296,0.022893
1.238000,-0.947241,0.936423,0.402278,0.022851
1.239000,-0.946838,0.936446,0.402257,0.022812
1.240000,-0.946436,0.936468,0.402231,0.022775
1.241000,-0.946034,0.936491,0.402201,0.022741
1.242000,-0.945632,0.936514,0.402167,0.022709
1.243000,-0.945230,0.936536,0.402129,0.022680
1.244000,-0.944827,0.936559,0.402087,0.022652
1.245000,-0.944425,0.936582,0.402041,0.022628
1.246000,-0.944023,0.936604,0.401991,0.022605
1.247000,-0.943621,0.936627,0.401937,0.022585
1.248000,-0.943220,0.936650,0.401879,0.022568
1.249000,-0.942818,0.936672,0.401817,0.022552
1.250000,-0.942416,0.936695,0.401752,0.022540
1.251000,-0.942014,0.936717,0.401682,0.022529
1.252000,-0.941613,0.936740,0.401608,0.022521
1.253000,-0.941211,0.936762,0.401530,0.022515
1.254000,-0.940810,0.936785,0.401448,0.022512
1.255000,-0.940408,0.936807,0.401363,0.022511
1.256000,-0.940007,0.936830,0.401273,0.022512
1.257000,-0.939606,0.936852,0.401180,0.022515
1.258000,-0.939205,0.936875,0.401082,0.022521
1.259000,-0.938804,0.936897,0.400981,0.022529
1.260000,-0.938403,0.936920,0.400876,0.022540
1.261000,-0.938002,0.936942,0.400767,0.022552
1.262000,-0.937602,0.936965,0.400654,0.022567
1.263000,-0.937201,0.936988,0.400537,0.022584
1.264000,-0.936801,0.937010,0.400416,0.022604
1.265000,-0.936400,0.937033,0.400292,0.022626
1.265625,-0.936000,0.937055,0.400163,0.022650
1.266000,-0.936000,0.937055,0.400163,0.022650
1.267000,-0.935600,0.937078,0.400031,0.022676
1.268000,-0.935200,0.937101,0.399895,0.022705
1.269000,-0.934801,0.937124,0.399755,0.022735
1.270000,-0.934401,0.937146,0.399611,0.022768
1.271000,-0.934001,0.937169,0.399464,0.022803
1.272000,-0.933602,0.937192,0.399312,0.022841
1.273000,-0.933203,0.937215,0.399157,0.022880
1.274000,-0.932804,0.937238,0.398999,0.022922
1.275000,-0.932405,0.937261,0.398836,0.022966
1.276000,-0.932006,0.937284,0.398670,0.023012
1.277000,-0.931608,0.937307,0.398500,0.023060
1.278000,-0.931210,0.937330,0.398326,0.023111
1.279000,-0.930811,0.937353,0.398148,0.023164
1.280000,-0.930414,0.937376,0.397967,0.023218
1.281000,-0.930016,0.937400,0.397782,0.023275
1.281250,-0.929618,0.937423,0.397594,0.023334
1.282000,-0.929618,0.937423,0.397594,0.023334
1.283000,-0.929221,0.937446,0.397401,0.023395
1.284000,-0.928824,0.937470,0.397205,0.023459
1.285000,-0.928427,0.937493,0.397006,0.023524
1.286000,-0.928030,0.937517,0.396803,0.023592
1.287000,-0.927633,0.937541,0.396596,0.023661
1.288000,-0.927237,0.937564,0.396385,0.023733
1.289000,-0.926841,0.937588,0.396171,0.023806
1.290000,-0.926445,0.937612,0.395953,0.023882
1.291000,-0.926049,0.937636,0.395732,0.023960
1.292000,-0.925653,0.937660,0.395507,0.024040
1.293000,-0.925258,0.937684,0.395278,0.024122
1.294000,-0.924863,0.937708,0.395046,0.024206
1.295000,-0.924468,0.937733,0.394811,0.024292
1.296000,-0.924074,0.937757,0.394571,0.024380
1.296875,-0.923679,0.937781,0.394329,0.024470
1.297000,-0.923679,0.937781,0.394329,0.024470
1.298000,-0.923285,0.937806,0.394082,0.024562
1.299000,-0.922891,0.937831,0.393833,0.024656
1.300000,-0.922498,0.937855,0.393579,0.024752
1.301000,-0.922105,0.937880,0.393323,0.024850
1.302000,-0.921711,0.937905,0.393062,0.024950
1.303000,-0.921319,0.937930,0.392799,0.025052
1.304000,-0.920926,0.937955,0.392532,0.025156
1.305000,-0.920534,0.937981,0.392261,0.025261
1.306000,-0.920142,0.938006,0.391987,0.025369
1.307000,-0.919750,0.938031,0.391709,0.025479
1.308000,-0.919359,0.938057,0.391428,0.025591
1.309000,-0.918968,0.938083,0.391144,0.025704
1.310000,-0.918577,0.938109,0.390856,0.025819
1.311000,-0.918186,0.938135,0.390565,0.025937
1.312000,-0.917796,0.938161,0.390271,0.026056
1.312500,-0.917406,0.938187,0.389973,0.026177
1.313000,-0.917406,0.938187,0.389973,0.026177
1.314000,-0.917016,0.938213,0.389672,0.026300
1.315000,-0.916627,0.938240,0.389368,0.026425
1.316000,-0.916238,0.938266,0.389060,0.026551
1.317000,-0.915849,0.938293,0.388749,0.026680
1.318000,-0.915461,0.938320,0.388434,0.026810
1.319000,-0.915073,0.938346,0.388116,0.026942
1.320000,-0.914685,0.938374,0.387795,0.027076
1.321000,-0.914297,0.938401,0.387471,0.027212
1.322000,-0.913910,0.938428,0.387144,0.027350
1.323000,-0.913523,0.938456,0.386813,0.027489
1.324000,-0.913137,0.938483,0.386479,0.027630
1.325000,-0.912751,0.938511,0.386142,0.027773
1.326000,-0.912365,0.938539,0.385801,0.027918
1.327000,-0.911979,0.938567,0.385457,0.028064
1.328000,-0.911594,0.938595,0.385111,0.028212
1.328125,-0.911210,0.938624,0.384760,0.028362
1.329000,-0.911210,0.938624,0.384760,0.028362
1.330000,-0.910825,0.938652,0.384407,0.028514
1.331000,-0.910441,0.938681,0.384051,0.028668
1.332000,-0.910057,0.938710,0.383691,0.028823
1.333000,-0.909674,0.938739,0.383329,0.028980
1.334000,-0.909291,0.938768,0.382963,0.029138
1.335000,-0.908909,0.938797,0.382594,0.029298
1.336000,-0.908526,0.938826,0.382222,0.029460
1.337000,-0.908144,0.938856,0.381847,0.029624
1.338000,-0.907763,0.938886,0.381469,0.029789
1.339000,-0.907382,0.938916,0.381088,0.029956
1.340000,-0.907001,0.938946,0.380703,0.030125
1.341000,-0.906621,0.938976,0.380316,0.030295
1.342000,-0.906241,0.939007,0.379926,0.030467
1.343000,-0.905861,0.939037,0.379532,0.030640
1.343750,-0.905482,0.939068,0.379136,0.030815
1.344000,-0.905482,0.939068,0.379136,0.030815
1.345000,-0.905104,0.939099,0.378737,0.030992
1.346000,-0.904725,0.939130,0.378334,0.031170
1.347000,-0.904347,0.939162,0.377929,0.031350
1.348000,-0.903970,0.939193,0.377521,0.031532
1.349000,-0.903593,0.939225,0.377109,0.031715
1.350000,-0.903216,0.939257,0.376695,0.031899
1.351000,-0.902840,0.939289,0.376278,0.032085
1.352000,-0.902464,0.939321,0.375858,0.032273
1.353000,-0.902088,0.939354,0.375435,0.032462
1.354000,-0.901713,0.939386,0.375009,0.032653
1.355000,-0.901339,0.939419,0.374580,0.032845
1.356000,-0.900965,0.939452,0.374149,0.033039
1.357000,-0.900591,0.939485,0.373714,0.033235
1.358000,-0.900218,0.939519,0.373277,0.033431
1.359000,-0.899845,0.939552,0.372837,0.033630
1.359375,-0.899472,0.939586,0.372394,0.033830
1.360000,-0.899472,0.939586,0.372394,0.033830
1.361000,-0.899101,0.939620,0.371948,0.034031
1.362000,-0.898729,0.939655,0.371499,0.034234
1.363000,-0.898358,0.939689,0.371048,0.034438
1.364000,-0.897987,0.939724,0.370594,0.034643
1.365000,-0.897617,0.939759,0.370137,0.034850
1.366000,-0.897248,0.939794,0.369677,0.035059
1.367000,-0.896878,0.939829,0.369215,0.035269
1.368000,-0.896510,0.939864,0.368749,0.035480
1.369000,-0.896141,0.939900,0.368281,0.035693
1.370000,-0.895773,0.939936,0.367811,0.035907
1.371000,-0.895406,0.939972,0.367337,0.036123
1.372000,-0.895039,0.940008,0.366861,0.036340
1.373000,-0.894673,0.940045,0.366383,0.036558
1.374000,-0.894307,0.940082,0.365901,0.036778
1.375000,-0.893942,0.940119,0.365417,0.036999
1.376000,-0.893577,0.940156,0.364930,0.037221
1.377000,-0.893212,0.940193,0.364441,0.037445
1.378000,-0.892848,0.940231,0.363949,0.037670
1.379000,-0.892485,0.940269,0.363454,0.037896
1.380000,-0.892122,0.940307,0.362957,0.038124
1.381000,-0.891759,0.940345,0.362457,0.038353
1.382000,-0.891397,0.940384,0.361955,0.038583
1.383000,-0.891036,0.940423,0.361450,0.038815
1.384000,-0.890675,0.940462,0.360942,0.039047
1.385000,-0.890315,0.940501,0.360432,0.039282
1.386000,-0.889955,0.940541,0.359920,0.039517
1.387000,-0.889595,0.940580,0.359405,0.039754
1.388000,-0.889236,0.940620,0.358887,0.039991
1.389000,-0.888878,0.940661,0.358367,0.040231
1.390000,-0.888520,0.940701,0.357844,0.040471
1.390625,-0.888163,0.940742,0.357319,0.040713
1.391000,-0.888163,0.940742,0.357319,0.040713
1.392000,-0.887806,0.940783,0.356791,0.040955
1.393000,-0.887450,0.940824,0.356261,0.041199
1.394000,-0.887094,0.940865,0.355729,0.041445
1.395000,-0.886739,0.940907,0.355194,0.041691
1.396000,-0.886384,0.940949,0.354656,0.041938
1.397000,-0.886030,0.940991,0.354117,0.042187
1.398000,-0.885677,0.941034,0.353574,0.042437
1.399000,-0.885324,0.941076,0.353030,0.042688
1.400000,-0.884971,0.941119,0.352483,0.042940
1.401000,-0.884619,0.941162,0.351933,0.043194
1.402000,-0.884268,0.941206,0.351381,0.043448
1.403000,-0.883917,0.941250,0.350827,0.043704
1.404000,-0.883567,0.941294,0.350271,0.043961
1.405000,-0.883217,0.941338,0.349712,0.044218
1.406000,-0.882868,0.941382,0.349151,0.044477
1.406250,-0.882519,0.941427,0.348588,0.044737
1.407000,-0.882519,0.941427,0.348588,0.044737
1.408000,-0.882171,0.941472,0.348022,0.044999
1.409000,-0.881824,0.941517,0.347454,0.045261
1.410000,-0.881477,0.941563,0.346884,0.045524
1.411000,-0.881131,0.941609,0.346311,0.045788
1.412000,-0.880785,0.941655,0.345736,0.046054
1.413000,-0.880440,0.941701,0.345159,0.046320
1.414000,-0.880095,0.941748,0.344580,0.046588
1.415000,-0.879751,0.941794,0.343998,0.046856
1.416000,-0.879408,0.941842,0.343415,0.047126
1.417000,-0.879065,0.941889,0.342829,0.047396
1.418000,-0.878723,0.941937,0.342241,0.047667
1.419000,-0.878381,0.941985,0.341650,0.047940
1.420000,-0.878040,0.942033,0.341058,0.048213
1.421000,-0.877699,0.942081,0.340463,0.048488
1.421875,-0.877360,0.942130,0.339867,0.048763
1.422000,-0.877360,0.942130,0.339867,0.048763
1.423000,-0.877020,0.942179,0.339268,0.049040
1.424000,-0.876682,0.942228,0.338667,0.049317
1.425000,-0.876344,0.942278,0.338064,0.049595
1.426000,-0.876006,0.942328,0.337458,0.049875
1.427000,-0.875669,0.942378,0.336851,0.050155
1.428000,-0.875333,0.942428,0.336242,0.050436
1.429000,-0.874997,0.942479,0.335630,0.050718
1.430000,-0.874662,0.942530,0.335016,0.051001
1.431000,-0.874328,0.942581,0.334401,0.051284
1.432000,-0.873994,0.942633,0.333783,0.051569
1.433000,-0.873661,0.942685,0.333164,0.051855
1.434000,-0.873328,0.942737,0.332542,0.052141
1.435000,-0.872997,0.942789,0.331918,0.052428
1.436000,-0.872665,0.942842,0.331292,0.052716
1.437000,-0.872335,0.942895,0.330665,0.053005
1.437500,-0.872005,0.942948,0.330035,0.053295
1.438000,-0.872005,0.942948,0.330035,0.053295
1.439000,-0.871675,0.943002,0.329403,0.053586
1.440000,-0.871346,0.943056,0.328770,0.053877
1.441000,-0.871018,0.943110,0.328134,0.054170
1.442000,-0.870691,0.943165,0.327497,0.054463
1.443000,-0.870364,0.943219,0.326857,0.054757
1.444000,-0.870038,0.943274,0.326216,0.055051
1.445000,-0.869712,0.943330,0.325573,0.055347
1.446000,-0.869387,0.943385,0.324928,0.055643
1.447000,-0.869063,0.943441,0.324281,0.055940
1.448000,-0.868739,0.943498,0.323632,0.056238
1.449000,-0.868416,0.943554,0.322981,0.056536
1.450000,-0.868094,0.943611,0.322329,0.056835
1.451000,-0.867772,0.943668,0.321674,0.057135
1.452000,-0.867451,0.943725,0.321018,0.057436
1.453000,-0.867131,0.943783,0.320360,0.057737
1.453125,-0.866811,0.943841,0.319700,0.058040
1.454000,-0.866811,0.943841,0.319700,0.058040
1.455000,-0.866492,0.943900,0.319039,0.058342
1.456000,-0.866174,0.943958,0.318375,0.058646
1.457000,-0.865856,0.944017,0.317710,0.058950
1.458000,-0.865539,0.944076,0.317043,0.059255
1.459000,-0.865223,0.944136,0.316375,0.059560
1.460000,-0.864907,0.944196,0.315704,0.059867
1.461000,-0.864592,0.944256,0.315032,0.060173
1.462000,-0.864278,0.944317,0.314358,0.060481
1.463000,-0.863964,0.944377,0.313683,0.060789
1.464000,-0.863651,0.944438,0.313006,0.061098
1.465000,-0.863339,0.944500,0.312327,0.061407
1.466000,-0.863027,0.944562,0.311646,0.061717
1.467000,-0.862716,0.944624,0.310964,0.062028
1.468000,-0.862406,0.944686,0.310280,0.062339
1.468750,-0.862096,0.944749,0.309594,0.062651
1.469000,-0.862096,0.944749,0.309594,0.062651
1.470000,-0.861787,0.944812,0.308907,0.062963
1.471000,-0.861479,0.944875,0.308218,0.063276
1.472000,-0.861171,0.944938,0.307528,0.063589
1.473000,-0.860865,0.945002,0.306836,0.063903
1.474000,-0.860558,0.945066,0.306142,0.064218
1.475000,-0.860253,0.945131,0.305447,0.064533
1.476000,-0.859948,0.945196,0.304750,0.064848
1.477000,-0.859644,0.945261,0.304052,0.065165
1.478000,-0.859341,0.945327,0.303352,0.065481
1.479000,-0.859038,0.945392,0.302651,0.065798
1.480000,-0.858736,0.945458,0.301948,0.066116
1.481000,-0.858435,0.945525,0.301244,0.066434
1.482000,-0.858134,0.945592,0.300538,0.066753
1.483000,-0.857835,0.945659,0.299830,0.067072
1.484000,-0.857535,0.945726,0.299122,0.067391
1.484375,-0.857237,0.945794,0.298411,0.067711
1.485000,-0.857237,0.945794,0.298411,0.067711
1.486000,-0.856939,0.945862,0.297700,0.068032
1.487000,-0.856642,0.945930,0.296987,0.068352
1.488000,-0.856346,0.945999,0.296272,0.068674
1.489000,-0.856051,0.946068,0.295556,0.068995
1.490000,-0.855756,0.946137,0.294839,0.069317
1.491000,-0.855462,0.946207,0.294120,0.069640
1.492000,-0.855168,0.946277,0.293400,0.069963
1.493000,-0.854876,0.946347,0.292678,0.070286
1.494000,-0.854584,0.946418,0.291955,0.070610
1.495000,-0.854292,0.946489,0.291231,0.070934
1.496000,-0.854002,0.946560,0.290505,0.071258
1.497000,-0.853712,0.946631,0.289778,0.071583
1.498000,-0.853423,0.946703,0.289050,0.071908
1.499000,-0.853135,0.946776,0.288321,0.072233
1.500000,-0.852847,0.946848,0.287590,0.072559
1.501000,-0.852560,0.946921,0.286858,0.072885
1.502000,-0.852274,0.946994,0.286124,0.073211
1.503000,-0.851989,0.947068,0.285390,0.073538
1.504000,-0.851704,0.947142,0.284654,0.073865
1.505000,-0.851420,0.947216,0.283917,0.074192
1.506000,-0.851137,0.947290,0.283179,0.074520
1.507000,-0.850855,0.947365,0.282439,0.074847
1.508000,-0.850573,0.947440,0.281698,0.075175
1.509000,-0.850292,0.947516,0.280956,0.075504
1.510000,-0.850012,0.947592,0.280213,0.075832
1.511000,-0.849732,0.947668,0.279469,0.076161
1.512000,-0.849453,0.947744,0.278724,0.076490
1.513000,-0.849175,0.947821,0.277977,0.076819
1.514000,-0.848898,0.947898,0.277230,0.077149
1.515000,-0.848622,0.947976,0.276481,0.077478
1.515625,-0.848346,0.948054,0.275731,0.077808
1.516000,-0.848346,0.948054,0.275731,0.077808
1.517000,-0.848071,0.948132,0.274980,0.078138
1.518000,-0.847797,0.948210,0.274228,0.078468
1.519000,-0.847523,0.948289,0.273475,0.078798
1.520000,-0.847251,0.948368,0.272721,0.079129
1.521000,-0.846979,0.948448,0.271966,0.079459
1.522000,-0.846707,0.948527,0.271210,0.079790
1.523000,-0.846437,0.948608,0.270453,0.080121
1.524000,-0.846167,0.948688,0.269695,0.080452
1.525000,-0.845898,0.948769,0.268935,0.080783
1.526000,-0.845630,0.948850,0.268175,0.081114
1.527000,-0.845363,0.948931,0.267414,0.081445
1.528000,-0.845096,0.949013,0.266652,0.081777
1.529000,-0.844830,0.949095,0.265889,0.082108
1.530000,-0.844565,0.949178,0.265125,0.082440
1.531000,-0.844301,0.949260,0.264360,0.082771
1.531250,-0.844037,0.949344,0.263595,0.083103
1.532000,-0.844037,0.949344,0.263595,0.083103
1.533000,-0.843774,0.949427,0.262828,0.083435
1.534000,-0.843512,0.949511,0.262061,0.083766
1.535000,-0.843251,0.949595,0.261292,0.084098
1.536000,-0.842990,0.949679,0.260523,0.084430
1.537000,-0.842731,0.949764,0.259753,0.084762
1.538000,-0.842472,0.949849,0.258982,0.085093
1.539000,-0.842214,0.949935,0.258210,0.085425
1.540000,-0.841956,0.950020,0.257438,0.085757
1.541000,-0.841699,0.950106,0.256665,0.086089
1.542000,-0.841444,0.950193,0.255891,0.086420
1.543000,-0.841188,0.950280,0.255116,0.086752
1.544000,-0.840934,0.950367,0.254340,0.087083
1.545000,-0.840680,0.950454,0.253564,0.087415
1.546000,-0.840428,0.950542,0.252787,0.087746
1.546875,-0.840176,0.950630,0.252009,0.088078
1.547000,-0.840176,0.950630,0.252009,0.088078
1.548000,-0.839924,0.950718,0.251231,0.088409
1.549000,-0.839674,0.950807,0.250452,0.088740
1.550000,-0.839424,0.950896,0.249672,0.089071
1.551000,-0.839175,0.950985,0.248892,0.089402
1.552000,-0.838927,0.951075,0.248111,0.089733
1.553000,-0.838680,0.951165,0.247329,0.090064
1.554000,-0.838433,0.951256,0.246547,0.090394
1.555000,-0.838188,0.951346,0.245764,0.090725
1.556000,-0.837943,0.951437,0.244980,0.091055
1.557000,-0.837699,0.951529,0.244196,0.091385
1.558000,-0.837455,0.951621,0.243412,0.091715
1.559000,-0.837212,0.951713,0.242626,0.092044
1.560000,-0.836971,0.951805,0.241841,0.092374
1.561000,-0.836730,0.951898,0.241054,0.092703
1.562000,-0.836489,0.951991,0.240268,0.093032
1.562500,-0.836250,0.952084,0.239480,0.093361
1.563000,-0.836250,0.952084,0.239480,0.093361
1.564000,-0.836011,0.952178,0.238693,0.093690
1.565000,-0.835773,0.952272,0.237904,0.094018
1.566000,-0.835536,0.952366,0.237116,0.094346
1.567000,-0.835300,0.952461,0.236327,0.094674
1.568000,-0.835064,0.952556,0.235537,0.095002
1.569000,-0.834830,0.952651,0.234747,0.095329
1.570000,-0.834596,0.952747,0.233957,0.095656
1.571000,-0.834362,0.952843,0.233166,0.095983
1.572000,-0.834130,0.952939,0.232375,0.096309
1.573000,-0.833898,0.953036,0.231584,0.096636
1.574000,-0.833668,0.953133,0.230792,0.096961
1.575000,-0.833438,0.953230,0.230000,0.097287
1.576000,-0.833208,0.953328,0.229207,0.097612
1.577000,-0.832980,0.953426,0.228414,0.097937
1.578000,-0.832752,0.953524,0.227621,0.098261
1.578125,-0.832526,0.953622,0.226828,0.098586
1.579000,-0.832526,0.953622,0.226828,0.098586
1.580000,-0.832300,0.953721,0.226034,0.098909
1.581000,-0.832074,0.953820,0.225241,0.099233
1.582000,-0.831850,0.953920,0.224447,0.099556
1.583000,-0.831626,0.954020,0.223652,0.099878
1.584000,-0.831403,0.954120,0.222858,0.100200
1.585000,-0.831181,0.954221,0.222063,0.100522
1.586000,-0.830960,0.954321,0.221268,0.100843
1.587000,-0.830740,0.954423,0.220473,0.101164
1.588000,-0.830520,0.954524,0.219678,0.101485
1.589000,-0.830301,0.954626,0.218883,0.101805
1.590000,-0.830083,0.954728,0.218087,0.102124
1.591000,-0.829866,0.954831,0.217292,0.102443
1.592000,-0.829649,0.954933,0.216496,0.102762
1.593000,-0.829433,0.955036,0.215700,0.103080
1.593750,-0.829218,0.955140,0.214905,0.103397
1.594000,-0.829218,0.955140,0.214905,0.103397
1.595000,-0.829004,0.955243,0.214109,0.103714
1.596000,-0.828791,0.955347,0.213313,0.104031
1.597000,-0.828579,0.955452,0.212517,0.104347
1.598000,-0.828367,0.955557,0.211721,0.104662
1.599000,-0.828156,0.955661,0.210925,0.104977
1.600000,-0.827946,0.955767,0.210129,0.105292
1.601000,-0.827736,0.955872,0.209334,0.105605
1.602000,-0.827528,0.955978,0.208538,0.105919
1.603000,-0.827320,0.956085,0.207742,0.106231
1.604000,-0.827113,0.956191,0.206947,0.106543
1.605000,-0.826907,0.956298,0.206151,0.106855
1.606000,-0.826702,0.956405,0.205356,0.107166
1.607000,-0.826497,0.956513,0.204560,0.107476
1.608000,-0.826293,0.956620,0.203765,0.107786
1.609000,-0.826090,0.956728,0.202970,0.108095
1.609375,-0.825888,0.956837,0.202176,0.108403
1.610000,-0.825888,0.956837,0.202176,0.108403
1.611000,-0.825687,0.956946,0.201381,0.108711
1.612000,-0.825486,0.957055,0.200586,0.109018
1.613000,-0.825286,0.957164,0.199792,0.109324
1.614000,-0.825087,0.957274,0.198998,0.109630
1.615000,-0.824889,0.957383,0.198205,0.109935
1.616000,-0.824692,0.957494,0.197411,0.110239
1.617000,-0.824495,0.957604,0.196618,0.110543
1.618000,-0.824299,0.957715,0.195825,0.110846
1.619000,-0.824104,0.957826,0.195032,0.111148
1.620000,-0.823910,0.957938,0.194240,0.111450
1.621000,-0.823717,0.958049,0.193448,0.111750
1.622000,-0.823524,0.958162,0.192656,0.112050
1.623000,-0.823332,0.958274,0.191865,0.112349
1.624000,-0.823141,0.958386,0.191074,0.112648
1.625000,-0.822951,0.958499,0.190284,0.112946
1.626000,-0.822761,0.958613,0.189493,0.113243
1.627000,-0.822573,0.958726,0.188704,0.113539
1.628000,-0.822385,0.958840,0.187915,0.113834
1.629000,-0.822198,0.958954,0.187126,0.114128
1.630000,-0.822011,0.959069,0.186337,0.114422
1.631000,-0.821826,0.959183,0.185550,0.114715
1.632000,-0.821641,0.959298,0.184762,0.115007
1.633000,-0.821457,0.959414,0.183975,0.115298
1.634000,-0.821274,0.959529,0.183189,0.115589
1.635000,-0.821091,0.959645,0.182403,0.115878
1.636000,-0.820910,0.959761,0.181618,0.116167
1.637000,-0.820729,0.959878,0.180833,0.116454
1.638000,-0.820549,0.959994,0.180049,0.116741
1.639000,-0.820370,0.960111,0.179266,0.117027
1.640000,-0.820191,0.960229,0.178483,0.117312
1.640625,-0.820013,0.960346,0.177700,0.117596
1.641000,-0.820013,0.960346,0.177700,0.117596
1.642000,-0.819837,0.960464,0.176919,0.117879
1.643000,-0.819660,0.960582,0.176138,0.118162
1.644000,-0.819485,0.960701,0.175358,0.118443
1.645000,-0.819310,0.960820,0.174578,0.118723
1.646000,-0.819137,0.960939,0.173799,0.119003
1.647000,-0.818964,0.961058,0.173021,0.119281
1.648000,-0.818791,0.961177,0.172243,0.119559
1.649000,-0.818620,0.961297,0.171467,0.119835
1.650000,-0.818449,0.961417,0.170691,0.120111
1.651000,-0.818279,0.961538,0.169916,0.120386
1.652000,-0.818110,0.961658,0.169141,0.120659
1.653000,-0.817942,0.961779,0.168368,0.120932
1.654000,-0.817774,0.961901,0.167595,0.121203
1.655000,-0.817607,0.962022,0.166823,0.121474
1.656000,-0.817441,0.962144,0.166052,0.121743
1.656250,-0.817276,0.962266,0.165282,0.122011
1.657000,-0.817276,0.962266,0.165282,0.122011
1.658000,-0.817112,0.962388,0.164512,0.122279
1.659000,-0.816948,0.962511,0.163744,0.122545
1.660000,-0.816785,0.962633,0.162976,0.122810
1.661000,-0.816623,0.962757,0.162210,0.123074
1.662000,-0.816461,0.962880,0.161444,0.123337
1.663000,-0.816300,0.963003,0.160679,0.123599
1.664000,-0.816141,0.963127,0.159915,0.123860
1.665000,-0.815981,0.963251,0.159153,0.124120
1.666000,-0.815823,0.963376,0.158391,0.124378
1.667000,-0.815665,0.963500,0.157630,0.124636
1.668000,-0.815509,0.963625,0.156870,0.124892
1.669000,-0.815352,0.963750,0.156111,0.125147
1.670000,-0.815197,0.963876,0.155354,0.125402
1.671000,-0.815042,0.964002,0.154597,0.125654
1.671875,-0.814889,0.964127,0.153842,0.125906
1.672000,-0.814889,0.964127,0.153842,0.125906
1.673000,-0.814736,0.964254,0.153087,0.126157
1.674000,-0.814583,0.964380,0.152334,0.126406
1.675000,-0.814432,0.964507,0.151582,0.126654
1.676000,-0.814281,0.964634,0.150831,0.126901
1.677000,-0.814131,0.964761,0.150081,0.127147
1.678000,-0.813981,0.964888,0.149332,0.127392
1.679000,-0.813833,0.965016,0.148584,0.127635
1.680000,-0.813685,0.965144,0.147838,0.127877
1.681000,-0.813538,0.965272,0.147093,0.128118
1.682000,-0.813392,0.965400,0.146349,0.128358
1.683000,-0.813246,0.965529,0.145606,0.128596
1.684000,-0.813101,0.965658,0.144865,0.128833
1.685000,-0.812957,0.965787,0.144124,0.129069
1.686000,-0.812814,0.965916,0.143385,0.129303
1.687000,-0.812671,0.966045,0.142648,0.129537
1.687500,-0.812529,0.966175,0.141912,0.129769
1.688000,-0.812529,0.966175,0.141912,0.129769
1.689000,-0.812388,0.966305,0.141177,0.130000
1.690000,-0.812247,0.966435,0.140443,0.130229
1.691000,-0.812108,0.966566,0.139711,0.130457
1.692000,-0.811969,0.966697,0.138980,0.130684
1.693000,-0.811830,0.966827,0.138250,0.130909
1.694000,-0.811693,0.966959,0.137522,0.131133
1.695000,-0.811556,0.967090,0.136795,0.131356
1.696000,-0.811420,0.967222,0.136070,0.131578
1.697000,-0.811285,0.967353,0.135346,0.131798
1.698000,-0.811150,0.967485,0.134623,0.132017
1.699000,-0.811016,0.967618,0.133902,0.132234
1.700000,-0.810883,0.967750,0.133183,0.132450
1.701000,-0.810750,0.967883,0.132464,0.132664
1.702000,-0.810619,0.968016,0.131748,0.132878
1.703000,-0.810488,0.968149,0.131033,0.133090
1.703125,-0.810357,0.968282,0.130319,0.133300
1.704000,-0.810357,0.968282,0.130319,0.133300
1.705000,-0.810228,0.968415,0.129607,0.133509
1.706000,-0.810099,0.968549,0.128897,0.133717
1.707000,-0.809971,0.968683,0.128188,0.133923
1.708000,-0.809843,0.968817,0.127480,0.134128
1.709000,-0.809716,0.968952,0.126775,0.134331
1.710000,-0.809590,0.969086,0.126071,0.134533
1.711000,-0.809465,0.969221,0.125368,0.134733
1.712000,-0.809340,0.969356,0.124667,0.134932
1.713000,-0.809216,0.969491,0.123968,0.135130
1.714000,-0.809093,0.969626,0.123270,0.135326
1.715000,-0.808971,0.969762,0.122574,0.135520
1.716000,-0.808849,0.969897,0.121880,0.135714
1.717000,-0.808727,0.970033,0.121187,0.135905
1.718000,-0.808607,0.970169,0.120496,0.136095
1.718750,-0.808487,0.970306,0.119807,0.136284
1.719000,-0.808487,0.970306,0.119807,0.136284
1.720000,-0.808368,0.970442,0.119120,0.136471
1.721000,-0.808250,0.970579,0.118434,0.136657
1.722000,-0.808132,0.970716,0.117750,0.136841
1.723000,-0.808015,0.970853,0.117068,0.137023
1.724000,-0.807898,0.970990,0.116387,0.137205
1.725000,-0.807783,0.971127,0.115709,0.137384
1.726000,-0.807668,0.971265,0.115032,0.137562
1.727000,-0.807553,0.971403,0.114357,0.137739
1.728000,-0.807440,0.971541,0.113684,0.137913
1.729000,-0.807327,0.971679,0.113012,0.138087
1.730000,-0.807214,0.971817,0.112343,0.138259
1.731000,-0.807103,0.971955,0.111675,0.138429
1.732000,-0.806992,0.972094,0.111009,0.138597
1.733000,-0.806881,0.972233,0.110345,0.138765
1.734000,-0.806772,0.972372,0.109683,0.138930
1.734375,-0.806663,0.972511,0.109023,0.139094
1.735000,-0.806663,0.972511,0.109023,0.139094
1.736000,-0.806554,0.972650,0.108365,0.139256
1.737000,-0.806446,0.972789,0.107708,0.139417
1.738000,-0.806339,0.972929,0.107054,0.139576
1.739000,-0.806233,0.973069,0.106402,0.139734
1.740000,-0.806127,0.973209,0.105751,0.139889
1.741000,-0.806022,0.973349,0.105103,0.140044
1.742000,-0.805918,0.973489,0.104456,0.140196
1.743000,-0.805814,0.973629,0.103812,0.140347
1.744000,-0.805711,0.973770,0.103169,0.140497
1.745000,-0.805608,0.973910,0.102529,0.140644
1.746000,-0.805506,0.974051,0.101890,0.140791
1.747000,-0.805405,0.974192,0.101254,0.140935
1.748000,-0.805304,0.974333,0.100619,0.141078
1.749000,-0.805204,0.974474,0.099987,0.141219
1.750000,-0.805105,0.974616,0.099356,0.141358
1.751000,-0.805006,0.974757,0.098728,0.141496
1.752000,-0.804908,0.974899,0.098102,0.141632
1.753000,-0.804811,0.975041,0.097478,0.141767
1.754000,-0.804714,0.975182,0.096856,0.141900
1.755000,-0.804618,0.975325,0.096236,0.142031
1.756000,-0.804522,0.975467,0.095618,0.142160
1.757000,-0.804427,0.975609,0.095003,0.142288
1.758000,-0.804333,0.975751,0.094389,0.142414
1.759000,-0.804239,0.975894,0.093778,0.142538
1.760000,-0.804146,0.976037,0.093169,0.142661
1.761000,-0.804053,0.976179,0.092562,0.142782
1.762000,-0.803961,0.976322,0.091957,0.142901
1.763000,-0.803870,0.976465,0.091355,0.143018
1.764000,-0.803779,0.976608,0.090754,0.143134
1.765000,-0.803689,0.976752,0.090156,0.143248
1.765625,-0.803599,0.976895,0.089560,0.143361
1.766000,-0.803599,0.976895,0.089560,0.143361
1.767000,-0.803510,0.977038,0.088966,0.143471
1.768000,-0.803422,0.977182,0.088375,0.143580
1.769000,-0.803334,0.977326,0.087785,0.143687
1.770000,-0.803247,0.977470,0.087198,0.143792
1.771000,-0.803160,0.977613,0.086613,0.143896
1.772000,-0.803074,0.977757,0.086031,0.143998
1.773000,-0.802989,0.977902,0.085451,0.144098
1.774000,-0.802904,0.978046,0.084873,0.144196
1.775000,-0.802820,0.978190,0.084297,0.144293
1.776000,-0.802736,0.978334,0.083724,0.144388
1.777000,-0.802653,0.978479,0.083152,0.144481
1.778000,-0.802570,0.978623,0.082584,0.144572
1.779000,-0.802488,0.978768,0.082017,0.144662
1.780000,-0.802407,0.978913,0.081453,0.144750
1.781000,-0.802326,0.979058,0.080891,0.144836
1.781250,-0.802246,0.979203,0.080332,0.144920
1.782000,-0.802246,0.979203,0.080332,0.144920
1.783000,-0.802166,0.979348,0.079775,0.145002
1.784000,-0.802087,0.979493,0.079220,0.145083
1.785000,-0.802008,0.979638,0.078668,0.145162
1.786000,-0.801930,0.979783,0.078118,0.145239
1.787000,-0.801852,0.979928,0.077570,0.145314
1.788000,-0.801775,0.980074,0.077025,0.145388
1.789000,-0.801699,0.980219,0.076482,0.145460
1.790000,-0.801623,0.980365,0.075942,0.145530
1.791000,-0.801547,0.980510,0.075404,0.145598
1.792000,-0.801473,0.980656,0.074868,0.145664
1.793000,-0.801398,0.980802,0.074335,0.145729
1.794000,-0.801324,0.980948,0.073804,0.145791
1.795000,-0.801251,0.981093,0.073276,0.145852
1.796000,-0.801178,0.981239,0.072750,0.145911
1.796875,-0.801106,0.981385,0.072226,0.145969
1.797000,-0.801106,0.981385,0.072226,0.145969
1.798000,-0.801034,0.981531,0.071705,0.146024
1.799000,-0.800963,0.981677,0.071187,0.146078
1.800000,-0.800893,0.981824,0.070671,0.146130
1.801000,-0.800822,0.981970,0.070157,0.146180
1.802000,-0.800753,0.982116,0.069646,0.146228
1.803000,-0.800684,0.982262,0.069137,0.146274
1.804000,-0.800615,0.982409,0.068631,0.146319
1.805000,-0.800547,0.982555,0.068127,0.146361
1.806000,-0.800479,0.982701,0.067626,0.146402
1.807000,-0.800412,0.982848,0.067128,0.146441
1.808000,-0.800346,0.982994,0.066631,0.146479
1.809000,-0.800279,0.983141,0.066138,0.146514
1.810000,-0.800214,0.983287,0.065646,0.146548
1.811000,-0.800149,0.983434,0.065158,0.146579
1.812000,-0.800084,0.983580,0.064672,0.146609
1.812500,-0.800020,0.983727,0.064188,0.146638
1.813000,-0.800020,0.983727,0.064188,0.146638
1.814000,-0.799956,0.983874,0.063707,0.146664
1.815000,-0.799893,0.984020,0.063229,0.146688
1.816000,-0.799830,0.984167,0.062753,0.146711
1.817000,-0.799768,0.984314,0.062279,0.146732
1.818000,-0.799706,0.984461,0.061808,0.146751
1.819000,-0.799645,0.984607,0.061340,0.146768
1.820000,-0.799584,0.984754,0.060874,0.146783
1.821000,-0.799523,0.984901,0.060411,0.146796
1.822000,-0.799463,0.985048,0.059950,0.146808
1.823000,-0.799404,0.985195,0.059492,0.146818
1.824000,-0.799345,0.985341,0.059037,0.146826
1.825000,-0.799286,0.985488,0.058584,0.146832
1.826000,-0.799228,0.985635,0.058133,0.146836
1.827000,-0.799170,0.985782,0.057686,0.146838
1.828000,-0.799113,0.985929,0.057240,0.146839
1.828125,-0.799056,0.986076,0.056798,0.146838
1.829000,-0.799056,0.986076,0.056798,0.146838
1.830000,-0.799000,0.986222,0.056358,0.146834
1.831000,-0.798944,0.986369,0.055920,0.146830
1.832000,-0.798889,0.986516,0.055486,0.146823
1.833000,-0.798834,0.986663,0.055053,0.146814
1.834000,-0.798779,0.986810,0.054624,0.146804
1.835000,-0.798725,0.986957,0.054197,0.146791
1.836000,-0.798671,0.987103,0.053772,0.146777
1.837000,-0.798618,0.987250,0.053350,0.146761
1.838000,-0.798565,0.987397,0.052931,0.146743
1.839000,-0.798512,0.987544,0.052515,0.146724
1.840000,-0.798460,0.987690,0.052101,0.146702
1.841000,-0.798408,0.987837,0.051689,0.146679
1.842000,-0.798357,0.987984,0.051281,0.146654
1.843000,-0.798306,0.988130,0.050875,0.146627
1.843750,-0.798256,0.988277,0.050471,0.146598
1.844000,-0.798256,0.988277,0.050471,0.146598
1.845000,-0.798206,0.988423,0.050070,0.146567
1.846000,-0.798156,0.988570,0.049672,0.146535
1.847000,-0.798107,0.988716,0.049277,0.146501
1.848000,-0.798058,0.988863,0.048884,0.146464
1.849000,-0.798009,0.989009,0.048493,0.146427
1.850000,-0.797961,0.989156,0.048106,0.146387
1.851000,-0.797914,0.989302,0.047721,0.146345
1.852000,-0.797866,0.989448,0.047338,0.146302
1.853000,-0.797819,0.989595,0.046958,0.146256
1.854000,-0.797773,0.989741,0.046581,0.146209
1.855000,-0.797726,0.989887,0.046207,0.146161
1.856000,-0.797681,0.990033,0.045835,0.146110
1.857000,-0.797635,0.990179,0.045466,0.146057
1.858000,-0.797590,0.990325,0.045099,0.146003
1.859000,-0.797545,0.990471,0.044735,0.145947
1.859375,-0.797501,0.990617,0.044374,0.145889
1.860000,-0.797501,0.990617,0.044374,0.145889
1.861000,-0.797457,0.990763,0.044015,0.145829
1.862000,-0.797413,0.990909,0.043659,0.145768
1.863000,-0.797370,0.991054,0.043306,0.145704
1.864000,-0.797327,0.991200,0.042955,0.145639
1.865000,-0.797284,0.991345,0.042607,0.145572
1.866000,-0.797242,0.991491,0.042261,0.145503
1.867000,-0.797200,0.991636,0.041918,0.145433
1.868000,-0.797159,0.991782,0.041578,0.145360
1.869000,-0.797117,0.991927,0.041241,0.145286
1.870000,-0.797077,0.992072,0.040906,0.145210
1.871000,-0.797036,0.992217,0.040573,0.145133
1.872000,-0.796996,0.992362,0.040244,0.145053
1.873000,-0.796956,0.992507,0.039917,0.144972
1.874000,-0.796916,0.992652,0.039592,0.144889
1.875000,-0.796877,0.992797,0.039271,0.144804
1.876000,-0.796838,0.992942,0.038951,0.144717
1.877000,-0.796799,0.993086,0.038635,0.144629
1.878000,-0.796761,0.993231,0.038321,0.144539
1.879000,-0.796723,0.993375,0.038010,0.144447
1.880000,-0.796685,0.993520,0.037701,0.144353
1.881000,-0.796648,0.993664,0.037395,0.144258
1.882000,-0.796611,0.993808,0.037092,0.144160
1.883000,-0.796574,0.993952,0.036791,0.144061
1.884000,-0.796538,0.994096,0.036493,0.143961
1.885000,-0.796501,0.994240,0.036198,0.143858
1.886000,-0.796465,0.994384,0.035905,0.143754
1.887000,-0.796430,0.994528,0.035615,0.143648
1.888000,-0.796394,0.994671,0.035327,0.143540
1.889000,-0.796359,0.994814,0.035042,0.143431
1.890000,-0.796325,0.994958,0.034760,0.143320
1.890625,-0.796290,0.995101,0.034480,0.143207
1.891000,-0.796290,0.995101,0.034480,0.143207
1.892000,-0.796256,0.995244,0.034203,0.143092
1.893000,-0.796222,0.995387,0.033928,0.142976
1.894000,-0.796188,0.995530,0.033656,0.142858
1.895000,-0.796155,0.995673,0.033387,0.142738
1.896000,-0.796122,0.995815,0.033120,0.142616
1.897000,-0.796089,0.995958,0.032856,0.142493
1.898000,-0.796056,0.996100,0.032595,0.142368
1.899000,-0.796024,0.996242,0.032336,0.142241
1.900000,-0.795992,0.996385,0.032079,0.142113
1.901000,-0.795960,0.996526,0.031825,0.141983
1.902000,-0.795929,0.996668,0.031574,0.141851
1.903000,-0.795897,0.996810,0.031326,0.141718
1.904000,-0.795866,0.996952,0.031080,0.141583
1.905000,-0.795835,0.997093,0.030836,0.141446
1.906000,-0.795805,0.997234,0.030595,0.141307
1.906250,-0.795774,0.997376,0.030357,0.141167
1.907000,-0.795774,0.997376,0.030357,0.141167
1.908000,-0.795744,0.997517,0.030121,0.141025
1.909000,-0.795714,0.997657,0.029888,0.140882
1.910000,-0.795685,0.997798,0.029657,0.140736
1.911000,-0.795655,0.997939,0.029429,0.140590
1.912000,-0.795626,0.998079,0.029204,0.140441
1.913000,-0.795597,0.998220,0.028981,0.140291
1.914000,-0.795568,0.998360,0.028761,0.140139
1.915000,-0.795540,0.998500,0.028543,0.139986
1.916000,-0.795512,0.998639,0.028327,0.139830
1.917000,-0.795483,0.998779,0.028115,0.139674
1.918000,-0.795456,0.998919,0.027904,0.139515
1.919000,-0.795428,0.999058,0.027697,0.139355
1.920000,-0.795400,0.999197,0.027491,0.139194
1.921000,-0.795373,0.999336,0.027289,0.139030
1.921875,-0.795346,0.999475,0.027089,0.138866
1.922000,-0.795346,0.999475,0.027089,0.138866
1.923000,-0.795319,0.999614,0.026891,0.138699
1.924000,-0.795292,0.999752,0.026696,0.138531
1.925000,-0.795266,0.999891,0.026503,0.138361
1.926000,-0.795240,1.000029,0.026313,0.138190
1.927000,-0.795213,1.000167,0.026125,0.138017
1.928000,-0.795187,1.000305,0.025940,0.137843
1.929000,-0.795162,1.000442,0.025758,0.137667
1.930000,-0.795136,1.000580,0.025577,0.137489
1.931000,-0.795111,1.000717,0.025400,0.137310
1.932000,-0.795086,1.000854,0.025225,0.137129
1.933000,-0.795060,1.000991,0.025052,0.136947
1.934000,-0.795036,1.001128,0.024882,0.136763
1.935000,-0.795011,1.001265,0.024714,0.136577
1.936000,-0.794986,1.001401,0.024548,0.136390
1.937000,-0.794962,1.001537,0.024386,0.136202
1.937500,-0.794938,1.001673,0.024225,0.136011
1.938000,-0.794938,1.001673,0.024225,0.136011
1.939000,-0.794914,1.001809,0.024067,0.135820
1.940000,-0.794890,1.001945,0.023912,0.135627
1.941000,-0.794866,1.002080,0.023758,0.135432
1.942000,-0.794842,1.002215,0.023608,0.135236
1.943000,-0.794819,1.002350,0.023459,0.135038
1.944000,-0.794796,1.002485,0.023314,0.134839
1.945000,-0.794772,1.002620,0.023170,0.134638
1.946000,-0.794749,1.002754,0.023029,0.134436
1.947000,-0.794727,1.002889,0.022890,0.134232
1.948000,-0.794704,1.003023,0.022754,0.134026
1.949000,-0.794681,1.003156,0.022620,0.133820
1.950000,-0.794659,1.003290,0.022489,0.133611
1.951000,-0.794636,1.003423,0.022360,0.133402
1.952000,-0.794614,1.003557,0.022233,0.133190
1.953000,-0.794592,1.003690,0.022109,0.132978
1.953125,-0.794570,1.003822,0.021987,0.132764
1.954000,-0.794570,1.003822,0.021987,0.132764
1.955000,-0.794548,1.003955,0.021867,0.132548
1.956000,-0.794526,1.004087,0.021750,0.132331
1.957000,-0.794505,1.004219,0.021635,0.132112
1.958000,-0.794483,1.004351,0.021523,0.131892
1.959000,-0.794462,1.004483,0.021413,0.131671
1.960000,-0.794440,1.004614,0.021305,0.131448
1.961000,-0.794419,1.004746,0.021199,0.131224
1.962000,-0.794398,1.004877,0.021096,0.130998
1.963000,-0.794377,1.005007,0.020995,0.130771
1.964000,-0.794356,1.005138,0.020897,0.130543
1.965000,-0.794335,1.005268,0.020801,0.130313
1.966000,-0.794315,1.005398,0.020707,0.130081
1.967000,-0.794294,1.005528,0.020615,0.129849
1.968000,-0.794274,1.005658,0.020526,0.129615
1.968750,-0.794253,1.005787,0.020439,0.129379
1.969000,-0.794253,1.005787,0.020439,0.129379
1.970000,-0.794233,1.005916,0.020354,0.129142
1.971000,-0.794213,1.006045,0.020271,0.128904
1.972000,-0.794192,1.006174,0.020191,0.128664
1.973000,-0.794172,1.006302,0.020113,0.128423
1.974000,-0.794152,1.006430,0.020037,0.128181
1.975000,-0.794132,1.006558,0.019964,0.127937
1.976000,-0.794112,1.006686,0.019893,0.127692
1.977000,-0.794093,1.006813,0.019824,0.127446
1.978000,-0.794073,1.006941,0.019757,0.127198
1.979000,-0.794053,1.007068,0.019692,0.126949
1.980000,-0.794033,1.007194,0.019630,0.126699
1.981000,-0.794014,1.007321,0.019570,0.126447
1.982000,-0.793994,1.007447,0.019512,0.126194
1.983000,-0.793975,1.007573,0.019456,0.125940
1.984000,-0.793956,1.007699,0.019403,0.125684
1.984375,-0.793936,1.007824,0.019352,0.125428
1.985000,-0.793936,1.007824,0.019352,0.125428
1.986000,-0.793917,1.007949,0.019302,0.125169
1.987000,-0.793898,1.008074,0.019256,0.124910
1.988000,-0.793878,1.008199,0.019211,0.124649
1.989000,-0.793859,1.008323,0.019168,0.124387
1.990000,-0.793840,1.008447,0.019128,0.124124
1.991000,-0.793821,1.008571,0.019089,0.123859
1.992000,-0.793802,1.008695,0.019053,0.123594
1.993000,-0.793783,1.008818,0.019019,0.123327
1.994000,-0.793764,1.008941,0.018987,0.123058
1.995000,-0.793745,1.009064,0.018958,0.122789
1.996000,-0.793726,1.009186,0.018930,0.122518
1.997000,-0.793707,1.009309,0.018904,0.122246
1.998000,-0.793688,1.009431,0.018881,0.121973
1.999000,-0.793669,1.009552,0.018860,0.121698
2.000000,-0.793651,1.009674,0.018840,0.121423
